asin,price
23,21
17,18
11,5
49,44
21,6
16,24
25,12
10,23
7,37
47,21
49,41
16,49
39,21
29,27
49,37
44,8
0,32
5,43
28,39
30,29
38,27
41,10
6,30
22,48
33,5
B001CXLSSW,37.94
48,44
43,35
43,28
10,5
18,8
34,27
8,23
43,22
5,13
31,13
27,5
26,40
13,18
41,15
7,5
27,0
31,21
19,34
22,30
7,7
37,37
7,12
48,0
49,24
B00BC6036C,19.95
14,32
48,24
45,35
3,24
39,13
1,46
24,23
40,33
27,14
21,8
0,30
0,0
42,33
26,42
17,13
31,15
B000UUBFZY,9.99
21,47
43,18
23,34
16,8
34,27
36,39
36,12
10,18
32,47
2,7
8,31
44,10
B000NMBLDU,14.95
16,38
33,13
29,44
5,22
2,7
2,40
9,47
5,37
1,17
15,43
24,33
43,26
B001BS98N0,11.95
3,40
12,44
40,33
48,5
30,39
23,11
48,44
46,22
23,8
17,27
34,13
4,43
49,1
34,23
25,44
8,25
47,47
16,24
44,11
5,24
39,13
7,31
6,23
25,46
25,49
42,38
10,16
25,23
35,3
11,42
10,46
26,43
1,46
41,16
21,25
21,0
28,11
1,27
29,38
41,8
47,16
26,19
17,9
28,5
1,34
44,1
36,23
29,15
41,42
30,25
16,16
44,34
19,43
40,39
19,31
35,30
4,39
26,22
32,13
39,35
1,28
44,25
17,34
34,40
35,34
41,0
42,45
30,40
31,37
44,0
48,25
35,20
34,35
0,6
8,1
49,13
46,19
18,20
17,32
48,17
1,10
23,43
17,41
15,0
47,15
20,43
2,8
3,2
5,7
32,31
14,26
17,37
22,1
26,29
32,28
39,12
23,17
44,15
10,9
18,43
20,39
19,8
41,25
1,37
22,25
5,42
19,39
27,41
9,5
17,32
18,49
25,41
4,39
22,20
26,24
19,19
25,43
13,14
25,21
5,24
5,36
33,24
27,42
41,33
27,40
38,4
33,33
37,43
25,24
42,8
5,31
46,36
29,20
41,21
10,41
29,47
15,14
19,37
18,22
41,31
41,4
35,4
32,29
49,12
42,34
49,5
28,43
18,3
11,14
20,43
8,30
2,4
40,41
37,0
25,30
11,15
19,42
18,26
23,21
30,24
33,26
37,39
16,35
41,17
15,16
23,23
32,43
14,24
2,15
36,47
27,35
6,14
37,44
18,45
12,17
10,16
38,44
7,24
37,38
35,32
43,5
19,46
28,15
9,29
4,46
21,6
21,27
8,4
12,31
13,43
30,48
23,7
7,29
40,35
24,35
46,10
2,43
39,11
8,16
33,21
47,38
48,22
20,5
25,15
22,27
44,14
36,6
19,39
25,17
15,49
32,47
16,36
7,23
5,48
25,33
2,16
14,45
0,32
18,27
27,34
46,27
0,29
6,23
37,44
48,28
1,35
11,29
3,48
32,26
14,11
38,0
11,18
36,21
30,15
38,34
6,42
38,45
29,31
49,38
11,29
30,8
9,47
32,3
1,16
16,6
8,15
31,24
18,17
48,48
31,37
4,31
7,49
16,17
0,4
0,14
30,6
0,17
39,19
0,0
13,19
32,13
49,47
47,29
19,49
35,34
32,2
21,17
14,25
6,17
17,5
6,38
39,16
30,0
12,18
44,42
19,0
21,27
11,24
9,40
34,4
33,25
6,19
12,49
47,31
10,45
28,23
28,31
35,13
1,23
35,42
8,30
1,7
41,34
43,22
38,41
15,20
18,17
4,31
41,42
28,25
43,27
12,14
34,26
2,41
15,33
5,33
8,28
25,0
2,18
40,7
5,25
35,33
5,26
28,19
44,1
11,31
9,19
36,7
22,10
5,11
10,40
43,29
2,37
5,14
8,37
43,24
38,42
16,15
5,19
5,9
11,48
21,48
41,43
2,18
11,43
14,46
12,12
22,35
27,40
32,29
6,15
1,3
11,25
28,17
12,0
38,15
4,24
14,37
43,22
26,11
34,28
31,38
37,44
16,29
33,10
8,38
34,26
35,25
37,43
25,37
3,12
0,18
46,43
32,32
15,32
14,8
40,21
6,47
34,8
0,45
44,14
15,40
24,47
0,31
39,35
29,23
11,34
15,47
38,6
3,9
26,30
28,39
44,41
5,24
42,47
27,35
15,15
5,14
49,24
26,13
38,34
13,30
27,46
4,40
41,34
23,37
12,36
10,44
4,46
17,41
17,30
41,4
31,14
16,23
37,46
14,6
9,41
3,43
1,3
15,47
0,15
22,32
37,20
41,22
6,47
14,26
33,31
28,29
25,10
13,12
28,21
5,24
46,21
28,10
13,2
2,39
17,32
27,47
19,31
5,30
25,8
32,42
48,18
47,5
46,40
26,12
32,34
20,38
6,39
33,39
31,33
11,27
24,5
14,24
23,3
29,20
19,46
35,16
4,33
0,14
16,27
14,6
46,33
6,31
26,10
49,6
12,10
5,13
13,42
39,49
9,21
12,30
42,21
37,26
32,26
46,40
10,22
16,1
21,44
1,37
38,48
19,32
16,27
48,40
4,34
12,15
13,2
35,24
0,14
45,28
46,11
30,31
45,8
31,1
22,13
32,20
21,19
27,10
35,26
11,11
13,46
21,3
22,24
29,18
34,8
29,39
41,46
12,23
25,22
49,41
17,23
48,27
14,14
40,18
20,1
12,40
34,29
21,33
36,13
5,22
35,46
49,23
19,41
37,22
8,16
49,27
36,30
8,45
43,45
8,4
19,40
29,43
10,32
34,41
27,37
37,9
28,49
15,18
0,18
17,15
29,31
25,27
1,47
41,20
28,38
17,39
40,38
13,21
37,34
24,6
24,14
34,40
17,8
9,21
29,11
24,22
32,48
28,30
7,26
24,29
46,39
48,26
46,12
12,29
9,32
13,22
47,44
35,43
11,40
27,21
24,22
8,10
33,8
17,3
7,44
23,16
17,11
0,21
23,38
23,1
15,1
45,16
40,47
4,26
41,6
47,32
31,8
39,48
4,11
34,4
40,43
5,46
15,4
17,24
23,13
16,42
24,42
18,2
26,21
15,45
45,9
4,24
22,23
6,38
18,46
6,1
20,20
9,48
26,12
16,19
27,12
31,35
41,17
29,32
13,0
11,14
46,3
2,8
33,12
33,14
22,21
34,5
23,19
43,42
2,0
31,49
1,35
46,22
40,29
40,7
39,5
2,25
5,7
31,23
3,29
47,33
37,39
38,4
35,22
39,5
18,23
15,29
45,7
18,27
10,18
37,47
2,19
29,39
45,17
8,13
15,25
9,42
7,47
0,48
40,45
30,5
44,14
40,37
11,0
49,43
46,19
29,39
37,24
19,10
28,0
47,16
17,12
8,10
31,32
15,6
25,41
48,2
40,4
7,11
12,4
28,15
40,30
39,16
30,5
4,21
42,28
28,45
15,38
9,5
32,35
30,9
13,32
24,43
21,32
25,20
8,9
30,11
21,42
23,24
21,4
47,39
29,24
13,24
29,47
22,43
13,42
49,21
38,33
15,33
42,23
32,24
45,43
16,6
0,25
36,39
45,13
5,8
37,27
4,23
25,33
22,15
48,35
25,40
28,35
49,45
43,47
22,31
48,14
20,6
44,34
42,31
22,8
19,49
11,14
39,39
34,4
30,38
11,47
20,43
25,14
39,13
17,12
4,28
23,32
3,37
37,25
41,15
24,14
34,35
12,7
8,40
0,24
13,40
48,46
41,44
43,45
45,21
49,47
36,8
32,49
25,43
47,19
6,3
46,23
3,44
12,32
22,36
5,9
26,25
23,38
6,45
25,49
21,2
14,30
34,35
6,1
46,47
31,41
7,38
2,32
7,34
18,2
27,27
20,29
43,15
13,8
36,19
7,6
33,47
10,45
40,49
29,20
8,44
1,22
3,49
30,39
16,28
46,16
11,37
49,22
19,6
33,16
14,13
1,18
21,31
30,25
34,45
33,40
13,43
43,47
47,5
13,18
31,34
43,31
48,34
37,48
31,30
5,33
40,7
42,19
46,32
45,8
20,8
41,17
12,33
9,31
16,9
11,35
39,33
20,40
12,43
4,7
20,24
48,31
34,17
22,39
0,36
7,39
4,22
29,13
27,10
46,41
35,8
28,10
16,38
48,23
0,6
4,10
49,31
30,24
45,18
17,26
26,24
13,45
41,23
43,29
33,25
45,45
34,10
8,2
1,23
46,26
30,39
37,47
18,31
32,5
3,20
12,6
13,28
2,43
31,42
19,43
27,48
3,6
44,31
36,1
40,33
36,36
14,0
1,7
48,14
17,24
36,44
23,8
6,15
0,18
26,29
28,24
4,44
34,46
43,2
15,0
26,6
44,40
48,40
13,34
0,48
20,33
22,19
44,31
26,44
8,3
44,14
9,34
28,8
19,26
25,16
0,7
9,19
11,49
8,32
42,33
45,11
46,11
5,13
22,25
11,21
29,7
41,18
25,0
46,42
23,28
18,7
7,46
33,11
15,31
43,14
18,12
0,35
33,49
3,44
47,9
32,31
45,7
34,40
26,36
8,6
44,47
27,35
14,8
11,28
0,21
9,17
13,45
13,19
15,24
20,30
37,3
2,8
31,40
47,28
15,34
26,39
21,1
40,14
11,13
15,26
30,42
44,17
1,44
31,39
11,39
13,10
45,47
38,37
12,1
38,6
27,46
42,30
43,1
46,29
35,4
10,26
8,47
6,6
18,12
46,34
24,36
2,4
35,44
45,43
23,39
17,22
20,0
35,24
1,33
4,3
37,34
8,49
29,28
21,41
19,14
30,47
45,32
37,44
47,36
13,16
46,31
33,37
14,40
23,29
41,42
7,2
8,29
7,17
12,40
18,27
36,17
17,28
25,43
15,13
34,38
39,8
6,24
10,4
4,8
25,5
19,37
22,34
20,18
0,45
21,43
19,10
20,44
1,42
4,0
3,18
22,18
0,42
2,18
45,41
13,8
11,47
5,5
19,46
35,22
23,16
37,18
6,10
43,19
29,8
1,27
39,2
15,46
11,15
26,28
9,30
31,42
3,2
36,35
49,21
29,47
25,30
21,36
11,14
37,6
37,34
31,11
22,42
1,28
33,35
41,18
16,2
24,2
26,44
14,4
2,47
20,17
26,21
25,13
16,10
41,39
2,0
10,14
18,42
9,40
16,43
36,31
26,35
42,18
0,13
11,19
10,8
35,0
41,2
20,11
29,30
17,11
47,3
39,5
37,26
31,30
29,9
31,25
40,1
11,7
38,35
22,31
27,44
8,4
45,22
31,27
26,39
7,41
24,48
49,10
2,30
27,12
3,38
29,7
12,34
39,1
34,28
8,47
8,24
39,36
8,49
8,39
22,22
37,5
38,47
48,38
29,4
6,2
31,21
7,0
8,18
34,3
17,8
48,19
25,1
11,29
21,40
30,15
3,27
5,40
41,20
37,34
40,27
26,31
46,20
43,19
34,15
31,37
14,32
48,18
22,21
29,39
35,3
46,4
21,2
44,26
29,48
39,9
1,13
39,29
15,38
2,1
12,44
20,16
11,28
23,12
45,8
21,33
43,15
30,26
31,35
47,21
19,32
38,30
36,47
8,41
35,11
3,45
17,19
2,2
19,29
6,2
36,16
12,20
32,23
33,42
25,43
16,34
4,48
29,44
13,45
27,17
20,13
36,46
19,6
15,5
15,28
39,16
42,10
3,30
24,19
4,46
47,17
33,11
6,27
23,28
14,9
14,30
27,11
6,5
41,1
27,49
22,39
31,33
23,43
13,6
34,26
1,1
29,13
12,39
49,44
42,1
26,48
40,18
29,32
8,9
6,47
24,36
27,43
35,37
49,33
2,20
18,16
25,27
35,31
45,24
33,19
27,26
5,48
9,6
18,1
42,9
11,43
14,34
14,31
12,21
34,25
34,46
34,45
45,15
49,24
9,42
33,24
11,14
19,6
7,11
17,12
23,10
47,31
43,1
38,21
16,5
6,5
37,46
15,10
32,4
43,23
4,9
36,14
18,30
30,3
32,49
15,47
42,6
26,40
1,43
37,43
41,18
19,5
1,30
22,34
8,33
14,38
42,11
18,4
33,38
19,18
47,7
11,19
6,32
25,44
27,6
9,36
12,39
1,48
3,17
29,15
34,39
46,47
42,22
43,14
43,9
22,48
18,6
32,37
38,4
24,29
18,40
28,9
34,49
39,40
38,27
43,4
25,15
23,34
0,37
17,39
30,11
25,46
17,10
13,46
0,41
7,30
48,21
4,24
26,45
13,14
32,13
33,42
47,24
43,38
33,4
13,10
23,9
32,48
21,9
43,46
32,5
27,17
5,21
46,39
27,10
3,3
7,32
22,47
41,45
12,42
43,24
28,17
35,21
21,24
18,28
30,5
9,33
18,13
30,46
24,21
19,9
44,16
13,14
13,36
36,39
49,12
42,13
48,26
17,40
13,26
9,10
41,46
24,42
17,11
10,31
29,21
31,24
21,6
18,10
41,49
28,3
28,42
26,41
19,12
34,49
30,32
22,27
33,31
16,19
45,7
33,32
22,18
24,20
36,36
41,34
18,32
12,38
9,47
29,39
20,28
44,3
19,32
17,21
33,17
8,34
46,41
20,46
42,30
38,7
0,28
6,36
33,47
17,42
28,10
44,25
27,46
29,15
46,24
2,18
6,49
12,47
32,19
26,19
8,33
14,34
11,22
3,34
3,38
5,42
19,17
24,8
42,39
20,6
47,1
5,17
16,7
40,15
36,12
42,24
18,4
7,9
28,10
39,11
41,3
9,38
33,8
33,3
30,22
40,33
12,29
35,20
22,48
23,23
18,20
26,37
47,34
47,21
29,30
10,21
6,47
44,21
10,9
5,22
25,35
6,27
28,38
3,6
33,30
42,49
32,41
12,46
32,33
49,44
5,6
45,19
36,47
17,49
36,43
26,32
26,2
49,35
30,11
3,31
30,26
26,47
2,43
12,23
31,37
38,13
1,2
48,45
2,48
44,37
3,7
46,42
31,22
31,44
38,44
32,6
0,9
38,34
4,40
41,2
5,0
36,12
35,14
33,30
1,24
10,36
47,27
42,40
11,24
44,17
12,37
23,27
1,43
2,17
0,18
35,33
8,14
0,20
19,17
40,10
18,19
13,49
11,1
26,38
47,16
1,22
48,34
23,38
22,32
11,3
36,36
4,12
15,1
7,14
42,40
47,17
24,5
28,45
19,37
13,37
37,5
10,18
20,13
30,43
36,35
14,32
45,38
3,47
26,4
34,47
40,0
23,7
1,11
14,15
21,0
1,16
10,45
43,23
37,40
26,30
42,29
47,43
9,24
8,20
23,12
1,24
38,8
15,44
0,20
43,8
15,17
46,41
38,20
18,48
37,30
21,43
45,46
1,22
18,33
13,5
27,42
41,44
0,5
35,0
18,13
5,37
25,6
33,38
19,44
8,17
48,5
38,42
39,5
5,26
3,49
15,2
2,32
47,0
4,49
23,13
14,38
16,43
17,32
34,3
33,45
38,47
28,25
15,43
21,16
21,39
14,4
24,26
45,10
41,49
16,37
17,23
49,9
20,33
14,49
35,13
28,41
23,14
30,2
46,30
0,36
10,2
13,2
26,41
0,24
16,30
45,35
43,12
5,22
17,32
8,49
30,18
41,9
41,30
48,47
30,45
49,36
19,44
6,19
10,30
42,37
10,7
28,29
22,8
47,33
27,9
1,49
35,1
22,28
31,6
29,5
29,4
47,32
36,4
19,25
34,45
32,34
40,5
39,2
28,1
29,36
18,5
17,49
37,16
16,7
4,30
20,0
13,42
10,17
4,29
38,28
38,31
46,14
25,36
32,17
40,44
21,28
44,2
32,18
41,32
6,22
12,20
36,41
27,25
25,7
22,14
35,21
26,2
27,11
26,49
23,40
20,29
43,31
28,33
19,48
15,7
19,19
26,8
16,32
39,14
6,6
38,42
48,37
29,32
16,27
16,28
28,3
44,25
25,44
18,30
28,43
29,31
44,49
39,34
20,33
13,21
11,13
37,0
2,37
17,35
44,42
15,20
10,11
18,38
2,22
22,35
7,26
39,44
45,19
11,29
11,43
16,21
40,49
28,17
8,34
40,37
0,8
4,43
45,6
30,11
48,17
23,11
32,24
29,8
15,43
45,7
47,18
40,22
27,43
10,48
7,7
33,14
36,5
21,5
49,4
5,20
18,46
42,2
15,25
28,29
7,5
10,42
2,13
15,25
19,25
1,22
17,0
44,28
23,20
17,21
16,46
36,17
39,34
1,34
22,21
46,13
48,4
35,17
28,25
42,47
14,31
33,31
3,8
5,41
49,27
49,5
28,23
5,38
13,21
49,36
18,7
37,24
49,29
22,33
16,36
1,40
13,18
26,35
45,9
13,7
20,47
45,11
16,23
12,19
23,1
41,3
29,27
24,48
40,14
43,17
22,22
48,12
35,33
13,17
7,21
34,2
10,9
30,2
48,32
21,2
33,25
16,34
27,20
5,23
0,18
26,31
19,11
30,49
23,49
0,49
25,9
0,38
9,3
1,9
16,26
14,19
1,25
49,38
28,30
25,1
10,30
2,12
16,4
16,47
24,8
39,2
47,17
20,5
0,14
49,16
6,4
20,24
2,26
36,6
14,37
20,30
7,14
47,37
42,1
1,26
26,16
3,23
23,0
0,11
29,48
34,5
2,31
2,13
37,3
1,45
32,16
30,39
4,18
41,15
42,22
18,24
40,14
17,4
18,42
32,21
15,11
5,5
41,49
8,22
14,42
47,45
42,38
45,16
19,25
3,46
14,7
48,16
9,44
10,25
26,41
18,23
9,19
23,4
47,45
47,43
28,40
31,35
8,13
49,44
19,20
26,10
25,2
46,1
17,25
21,23
27,23
29,44
12,44
28,32
48,31
22,40
32,1
18,3
48,39
15,15
3,41
19,14
29,9
3,39
41,4
12,46
20,2
48,10
23,14
15,42
6,27
20,35
31,2
15,20
46,5
38,0
34,19
24,43
42,43
27,29
43,43
41,46
12,47
0,48
6,49
49,10
45,28
41,27
28,14
44,48
5,41
26,11
41,16
34,0
25,48
4,0
42,39
15,25
45,41
13,2
28,21
36,37
15,40
11,32
2,15
37,10
47,11
29,9
8,29
32,46
42,12
48,6
8,38
4,41
8,19
4,46
30,40
45,29
3,24
48,39
21,11
11,18
42,20
9,11
14,43
38,48
0,46
7,12
9,13
30,27
29,43
22,26
2,47
19,23
13,24
47,39
36,45
36,35
18,15
28,35
37,34
5,13
18,13
10,32
34,1
13,45
2,20
45,41
9,18
46,27
7,40
24,44
46,2
16,41
15,30
5,49
3,23
12,25
11,25
47,32
29,2
46,9
38,9
41,42
5,44
25,30
15,7
41,1
48,14
11,19
36,35
32,7
24,46
20,38
14,20
14,24
47,38
34,16
11,7
28,30
1,20
37,7
49,0
27,43
9,24
0,18
1,45
48,39
20,15
39,9
11,38
38,10
28,20
0,17
29,27
12,26
37,6
1,1
48,1
28,24
31,17
38,17
24,16
35,34
16,35
16,28
17,4
37,38
18,13
10,7
30,24
12,32
39,48
1,9
12,40
10,2
29,33
0,21
11,44
29,5
40,29
17,8
18,17
4,48
44,43
15,16
26,39
11,18
32,17
37,30
17,48
46,5
4,48
44,17
28,19
21,30
45,4
43,7
36,49
11,32
16,17
22,45
19,43
47,48
48,8
47,19
45,49
36,43
25,29
9,2
43,33
47,4
22,46
39,24
35,38
2,28
23,1
9,27
47,25
40,35
38,27
24,15
10,33
36,48
11,3
2,17
23,12
49,14
42,33
29,9
31,11
7,42
27,18
33,19
25,47
46,32
16,5
22,15
18,49
7,16
33,12
49,15
26,44
45,36
45,36
43,1
49,32
36,42
47,33
45,23
1,6
47,3
29,22
13,23
28,10
13,22
36,29
41,36
24,9
29,5
2,44
45,5
49,45
46,30
30,28
23,43
9,32
40,25
34,7
14,46
26,22
10,49
8,46
1,47
49,43
48,45
19,17
13,10
15,27
44,44
14,2
22,0
47,5
17,34
21,33
36,14
24,35
26,33
19,48
49,10
3,42
29,37
24,20
49,19
45,49
8,34
42,17
49,19
34,36
41,40
41,12
46,2
9,2
26,3
35,34
12,12
29,2
8,43
41,30
43,15
35,41
44,13
49,21
2,39
14,14
44,35
7,17
29,24
14,23
16,19
11,40
15,3
29,36
3,48
49,30
35,37
32,15
16,39
18,5
18,15
15,7
12,27
36,0
49,23
45,34
46,44
33,3
47,18
13,22
26,44
26,29
23,46
12,42
48,21
42,0
14,47
29,33
5,13
41,1
2,29
35,47
45,0
8,29
14,5
15,2
3,7
28,44
45,43
31,41
23,4
16,3
17,21
30,47
5,33
8,11
29,42
38,34
1,22
7,4
17,30
23,39
27,13
0,36
40,36
13,20
31,24
43,42
27,12
19,23
17,4
48,41
18,45
20,35
24,46
25,49
15,28
35,27
26,22
33,16
33,1
48,19
23,4
35,25
3,37
7,21
14,45
15,26
21,15
26,36
11,30
25,33
14,6
34,30
0,22
45,8
14,7
42,21
13,7
25,19
6,9
18,4
20,16
45,30
46,11
48,31
34,42
12,10
43,29
32,46
36,9
2,24
24,16
44,10
49,37
44,15
20,2
49,19
25,22
36,25
26,0
17,18
39,38
32,43
6,46
37,21
44,25
20,49
33,48
26,42
12,48
8,38
24,23
28,44
21,17
18,36
12,25
42,11
11,38
6,27
12,24
24,23
3,21
18,49
42,47
44,10
26,40
44,22
12,26
44,41
48,11
34,38
41,49
0,20
6,40
27,48
0,48
4,35
41,43
33,23
28,28
19,37
43,37
42,41
45,45
15,33
43,4
12,44
27,47
36,44
46,2
15,15
17,48
35,27
34,30
37,16
32,41
20,7
41,22
30,8
6,23
32,30
4,6
29,30
21,16
20,5
30,10
27,8
12,30
20,33
24,2
36,30
16,28
19,4
7,20
3,12
44,4
46,34
2,34
40,4
16,6
45,13
6,24
49,49
31,35
15,40
1,37
47,2
33,18
39,16
5,45
22,49
8,24
22,34
19,42
32,19
42,31
7,43
14,24
29,4
10,10
18,12
24,8
24,46
6,44
22,46
11,36
49,27
34,2
45,43
27,49
2,12
20,36
18,48
47,49
30,33
34,2
12,25
46,43
3,12
15,29
14,13
24,46
10,13
9,47
35,19
39,26
0,5
21,27
24,10
7,49
7,2
49,9
41,36
19,8
48,31
15,48
36,35
20,39
9,2
4,16
19,20
7,35
11,26
1,5
36,41
10,17
36,26
31,10
4,40
19,11
22,16
31,18
26,40
15,38
44,42
11,22
9,3
49,48
42,44
15,32
34,31
18,21
37,8
48,4
8,15
44,21
47,28
5,6
11,13
17,17
47,20
20,1
39,10
49,33
43,18
8,24
23,35
21,10
6,41
49,24
3,41
26,21
48,29
20,11
2,21
7,2
21,3
48,33
9,38
16,1
45,8
20,40
6,8
2,24
18,45
43,4
35,47
26,3
36,7
17,20
13,16
30,24
25,41
37,27
35,3
42,13
32,23
26,0
28,24
0,23
46,2
39,37
11,22
36,21
16,34
44,45
12,38
39,21
43,38
37,33
4,29
31,19
13,46
37,10
20,3
3,41
30,38
41,25
41,28
19,31
2,42
40,17
42,13
2,36
2,19
26,49
48,41
34,9
44,13
3,25
18,20
37,33
10,10
48,19
47,41
47,35
39,47
16,26
23,24
33,37
25,5
37,48
5,34
25,6
7,42
1,16
39,21
4,4
39,27
7,0
41,24
48,48
33,26
11,15
23,38
8,8
20,22
15,32
9,38
28,25
12,24
28,2
25,12
34,42
35,30
38,9
27,27
27,47
0,1
1,6
18,15
10,21
35,41
19,22
20,9
42,0
24,28
11,32
44,21
10,27
4,7
30,21
19,0
44,32
25,19
15,48
6,15
44,44
23,39
33,28
19,22
39,42
19,42
37,2
16,26
1,32
41,26
36,42
22,40
49,48
19,43
30,44
27,13
41,3
22,22
42,0
14,41
19,44
2,7
2,42
32,43
15,18
22,33
40,27
4,14
46,0
44,41
14,43
24,19
19,45
16,10
31,39
41,29
9,48
8,24
6,25
18,4
16,21
2,30
39,12
7,6
11,22
9,35
28,9
19,15
0,8
39,22
4,33
38,2
45,15
18,33
42,11
24,26
4,4
17,25
46,20
15,32
9,19
9,46
7,24
26,19
24,37
20,21
8,18
9,10
35,21
0,48
41,30
12,34
9,44
4,1
23,24
46,42
49,31
29,41
39,35
15,3
23,12
31,33
46,9
14,18
11,20
33,22
16,11
34,9
7,5
48,0
37,32
15,37
46,20
20,47
3,21
2,15
38,7
49,8
41,45
48,11
14,30
26,6
44,22
33,2
45,44
7,7
27,41
18,24
21,26
15,42
36,31
48,1
44,23
45,1
27,18
45,3
48,46
4,48
21,26
9,28
24,33
26,11
43,9
27,23
47,41
26,42
44,44
47,1
32,6
36,9
48,18
13,8
47,48
18,39
31,48
38,7
20,23
25,30
44,48
22,30
3,1
40,42
32,12
43,33
30,37
46,21
44,48
16,39
46,35
12,37
9,47
20,0
41,6
2,37
49,9
15,26
6,16
20,43
5,13
14,43
48,45
44,19
36,2
22,48
7,33
9,47
10,11
29,35
29,5
49,11
29,31
31,38
0,40
41,23
3,44
26,5
40,0
42,49
42,0
36,45
16,12
45,28
11,48
29,38
43,10
6,10
40,11
20,0
1,43
46,12
41,13
41,48
24,40
10,0
48,33
24,19
20,5
10,4
37,5
2,44
43,5
24,24
9,22
25,0
14,31
1,18
20,41
10,48
36,5
23,27
13,47
10,31
45,34
43,49
10,25
47,7
7,32
49,32
41,27
29,18
13,0
45,9
19,46
37,27
0,27
36,13
32,5
14,15
3,2
41,38
19,41
38,12
42,37
30,4
14,39
17,3
23,2
43,43
4,41
28,12
9,10
23,10
16,19
6,37
23,37
16,4
29,22
33,21
28,14
8,9
39,5
22,14
22,33
8,17
35,12
41,42
27,30
1,12
1,40
17,26
27,41
7,25
40,12
29,8
15,43
40,0
24,12
10,13
32,49
37,44
40,26
6,43
32,15
33,22
10,42
7,14
25,12
19,16
41,7
37,12
45,2
43,17
42,3
20,34
49,45
44,4
12,41
16,39
31,1
34,41
46,8
35,37
21,47
27,43
35,36
7,2
29,27
27,23
11,7
48,36
33,3
20,47
47,19
9,0
0,11
23,7
49,45
46,44
16,36
30,47
28,34
48,16
44,19
47,46
21,14
16,28
35,18
42,35
13,35
47,15
5,16
7,4
14,22
1,34
22,34
37,41
49,4
20,18
45,20
44,15
24,17
49,18
20,37
41,48
15,34
2,1
3,26
46,11
42,34
38,41
1,14
10,17
5,20
30,19
0,49
5,41
15,26
33,34
46,24
38,44
44,39
4,32
8,40
5,43
40,18
4,33
44,8
18,19
40,3
2,25
16,20
13,42
47,8
35,30
23,44
40,22
5,49
12,24
2,0
29,12
14,13
37,37
15,31
8,38
25,47
3,47
14,36
10,28
25,21
40,3
39,16
35,30
47,4
14,18
12,43
29,31
4,40
16,11
3,34
3,17
43,24
32,45
28,47
15,22
13,42
27,2
8,36
18,37
14,24
8,25
20,9
48,11
3,30
46,30
42,35
32,21
14,19
31,7
26,26
43,25
3,46
35,45
39,22
48,6
43,26
6,35
42,45
26,22
41,49
37,4
24,4
15,24
21,20
6,40
21,4
21,41
36,2
20,28
28,34
4,7
47,5
6,14
47,15
2,6
40,38
48,27
29,49
43,24
47,25
44,45
24,15
26,45
24,0
31,39
24,6
7,11
30,46
49,26
45,9
7,18
22,15
16,20
19,24
3,48
44,41
33,38
4,11
4,28
43,30
42,23
1,46
41,7
2,17
7,42
4,9
6,1
13,7
35,14
33,30
4,45
21,29
2,11
44,2
18,28
49,32
17,49
31,34
11,43
8,11
30,39
46,1
18,49
35,14
49,13
42,26
7,39
9,14
47,39
1,34
29,19
46,26
40,13
39,41
26,13
22,40
36,9
22,41
43,1
38,7
25,47
8,16
34,40
47,7
24,44
38,5
46,28
20,43
19,12
20,20
23,46
6,37
11,16
8,19
24,16
40,46
32,17
25,15
4,36
5,42
49,25
5,37
12,20
43,28
41,6
43,33
25,47
10,30
5,27
34,37
41,46
39,46
14,27
31,0
38,29
4,11
1,10
8,10
21,11
39,14
32,27
49,13
43,6
25,4
32,33
45,21
10,33
37,49
42,42
14,1
25,19
49,27
11,33
26,10
18,2
4,16
0,4
9,44
43,35
46,16
17,47
27,1
29,40
42,40
2,12
5,13
40,13
0,34
41,19
49,46
2,24
12,35
19,19
12,9
22,29
48,3
46,14
20,34
38,16
34,46
1,39
38,44
5,37
38,38
47,48
30,27
2,23
7,27
27,19
11,16
1,23
29,0
21,49
9,22
2,5
39,10
37,34
20,10
41,40
2,42
43,23
5,11
37,7
29,3
1,0
47,28
18,1
4,40
3,2
30,2
17,33
39,35
3,15
5,38
29,23
48,4
29,39
20,1
42,13
5,37
29,44
13,37
42,16
26,24
26,49
31,24
12,27
42,28
20,29
29,32
14,40
29,27
38,26
38,27
40,0
42,32
35,9
46,39
33,45
48,15
44,33
23,25
44,22
13,12
28,31
4,39
11,48
10,8
44,44
39,23
31,12
26,34
47,33
33,36
31,22
32,4
39,9
40,19
33,1
35,11
9,29
26,27
47,34
45,48
29,41
13,36
20,23
28,22
45,7
25,12
41,5
14,5
25,6
14,29
46,22
30,30
4,41
26,28
14,16
45,9
25,22
32,32
4,34
18,49
26,28
48,29
32,9
48,17
4,19
25,30
3,31
7,9
1,13
5,24
15,38
39,15
4,38
32,32
25,10
27,38
2,29
28,33
48,29
4,10
28,7
30,26
46,3
8,3
11,4
47,7
5,47
6,15
43,1
18,46
4,31
22,42
38,42
2,46
35,29
15,49
6,34
31,7
45,25
8,45
23,25
16,34
37,34
38,16
4,19
9,36
4,16
34,22
41,8
18,16
5,30
18,16
10,22
46,19
32,46
40,39
42,8
6,47
42,39
48,15
9,32
35,40
26,24
49,1
6,7
3,45
5,47
13,28
44,26
40,38
40,2
27,34
25,9
37,47
30,14
5,9
10,39
16,46
23,15
26,30
25,9
47,40
38,34
33,15
48,33
1,30
37,21
0,20
4,8
28,44
14,22
33,40
37,35
32,8
12,2
22,14
21,5
14,17
46,37
26,34
14,5
16,33
32,12
17,23
4,40
15,18
47,26
39,32
39,14
33,43
42,49
15,21
16,18
26,3
27,35
47,43
49,42
15,32
46,2
10,2
39,18
31,4
0,17
22,18
24,42
40,23
17,24
32,42
39,20
9,28
16,47
15,9
43,39
0,18
10,33
42,4
25,38
8,26
46,35
44,25
8,8
33,9
18,39
46,31
31,3
22,23
25,45
27,27
30,12
31,47
3,27
6,28
4,30
8,27
34,36
30,2
43,25
38,11
36,42
4,9
4,46
48,42
5,10
0,40
6,5
30,32
47,49
39,31
14,33
4,36
4,43
49,9
45,23
40,11
6,11
40,24
35,37
5,10
5,43
40,43
1,1
8,10
25,36
34,4
28,26
22,3
31,33
17,15
42,46
49,46
41,31
20,5
47,29
49,42
45,36
21,47
38,29
23,49
8,32
31,44
48,35
38,43
20,30
9,25
31,12
49,4
31,37
7,46
14,26
14,12
4,43
24,41
19,33
26,46
3,44
3,34
48,28
2,31
44,31
24,40
8,18
37,46
31,32
19,0
20,36
2,30
9,49
40,47
23,9
11,9
17,39
7,21
36,44
35,3
42,9
44,2
45,31
8,27
18,28
16,1
3,4
34,44
47,7
32,27
45,16
18,46
36,15
41,16
10,31
27,35
0,33
48,38
4,33
17,41
45,7
0,28
11,18
12,20
29,5
15,48
18,40
44,5
27,26
31,28
31,37
2,1
49,18
15,22
29,42
6,29
41,3
32,32
25,43
33,14
12,12
41,20
26,21
45,22
45,17
28,15
11,25
35,13
34,45
43,33
47,49
36,48
36,15
33,18
19,24
25,12
40,4
45,9
38,12
7,49
19,15
32,36
28,44
40,4
12,15
49,0
44,37
44,4
21,20
14,15
7,23
16,35
38,19
18,44
26,34
2,18
48,46
27,17
38,12
37,31
12,47
30,30
24,40
8,9
17,41
43,44
45,24
9,16
19,31
16,3
47,49
5,23
6,33
35,5
11,23
22,16
38,5
25,26
23,6
33,33
7,0
27,22
28,13
39,11
2,16
6,25
24,15
18,32
40,33
42,42
40,44
4,30
23,39
14,36
45,1
8,44
2,33
1,6
26,45
3,45
42,42
9,45
13,33
41,23
47,8
42,29
15,7
28,42
14,35
32,35
4,0
0,41
45,36
11,41
16,16
40,33
11,25
9,4
39,14
41,2
0,28
33,19
26,22
44,14
36,44
20,9
31,32
49,15
22,19
26,41
11,28
21,13
8,33
25,31
29,32
30,43
22,22
17,33
9,2
42,25
26,13
30,9
46,15
5,20
34,4
21,9
30,23
19,0
4,6
0,47
41,13
2,6
38,35
30,12
20,2
32,27
22,37
37,44
45,23
40,5
6,20
4,19
24,41
29,10
24,5
32,47
39,43
10,32
30,1
10,47
31,10
8,36
15,28
30,23
47,29
21,15
24,41
18,8
21,44
44,21
17,42
46,2
40,17
40,19
29,26
35,41
31,24
44,5
26,8
31,10
7,49
45,2
12,34
18,46
4,47
16,19
0,46
1,37
41,30
20,14
42,27
14,41
36,5
19,30
46,41
35,34
35,17
41,9
47,32
37,20
43,28
19,11
7,30
29,25
2,14
37,43
40,37
15,16
44,40
28,44
18,15
17,38
48,36
5,2
27,27
35,30
4,7
5,15
1,28
23,21
32,7
45,13
10,7
0,5
18,22
35,25
19,20
37,39
6,17
12,41
33,4
10,8
35,15
10,46
45,22
44,4
35,1
0,38
30,27
22,41
7,24
2,19
39,39
36,2
45,34
31,30
42,0
14,3
49,17
0,16
30,21
38,1
36,9
14,48
7,13
12,18
31,19
45,14
11,18
39,38
38,1
28,22
14,49
38,37
12,39
25,6
19,4
8,26
33,4
0,19
18,36
10,23
35,21
47,22
30,48
5,35
7,7
5,3
12,39
22,18
12,35
8,48
48,5
15,6
27,28
23,36
4,23
29,8
27,36
22,26
31,44
28,31
11,36
36,20
34,43
10,33
29,9
31,1
44,11
21,15
13,44
10,26
38,17
32,42
43,26
46,18
5,28
31,20
31,31
33,37
5,18
17,47
49,42
26,19
34,7
9,6
31,22
3,15
41,40
28,37
9,31
48,21
20,39
19,46
44,19
13,1
11,36
46,32
29,19
6,16
43,25
2,25
3,38
23,33
41,26
38,2
16,17
42,47
41,29
24,38
21,4
40,28
46,27
26,47
46,44
38,22
30,47
13,49
24,29
25,13
27,48
22,40
48,16
48,20
35,31
4,11
38,20
31,41
17,2
28,2
42,21
19,44
37,18
31,9
14,9
17,48
34,27
34,8
15,3
44,13
43,18
36,36
4,25
28,34
38,40
18,32
28,19
9,22
19,47
42,0
9,37
33,2
31,21
45,29
5,16
45,28
32,1
14,12
39,38
21,45
39,3
38,34
11,10
25,9
47,28
2,25
13,41
44,8
40,8
17,2
24,43
25,6
9,39
2,48
35,25
11,44
29,24
9,27
39,28
28,33
12,2
16,43
38,43
33,43
14,45
24,21
21,31
16,26
14,2
12,28
8,14
12,29
11,12
42,31
13,5
10,23
7,27
45,49
10,8
24,31
27,11
8,16
30,1
49,16
48,12
8,41
37,21
42,13
3,31
40,7
22,43
20,47
37,8
8,42
13,31
5,9
39,48
36,11
19,21
14,33
44,45
7,32
0,20
9,22
6,1
16,19
8,32
3,35
37,14
6,39
2,42
12,49
30,19
49,26
48,3
30,36
41,2
7,4
30,33
26,23
35,31
24,15
21,36
8,15
47,17
7,35
37,7
3,15
37,7
48,10
19,45
11,27
16,45
38,39
24,47
27,9
3,48
15,18
35,11
17,17
43,16
39,27
48,1
8,42
20,8
29,38
18,16
5,44
37,45
49,21
43,48
20,40
49,32
48,42
38,31
8,7
47,33
45,12
36,20
1,4
34,46
9,11
15,13
38,17
49,45
7,31
38,18
28,16
40,42
5,23
41,20
22,29
16,0
9,13
32,9
3,36
35,24
45,9
19,24
10,30
19,3
32,43
19,12
17,43
47,37
45,16
6,18
9,29
24,48
31,26
38,0
14,12
36,21
3,1
8,9
6,44
26,25
35,39
27,40
27,37
12,7
7,8
43,14
1,41
36,8
19,30
5,43
19,14
30,1
5,15
32,39
17,12
41,46
11,29
12,34
27,16
40,30
11,4
32,24
48,46
45,11
0,0
23,11
24,22
45,41
32,46
12,13
19,34
14,45
32,33
38,11
19,30
4,1
20,27
48,10
26,9
16,39
31,7
38,47
21,36
46,4
14,42
20,49
1,35
12,0
21,40
49,36
33,39
10,27
7,29
35,9
17,26
10,32
29,21
11,23
24,9
18,28
27,28
23,47
20,20
36,46
7,40
28,31
6,21
10,6
30,35
20,20
17,42
30,1
14,17
28,7
41,31
12,33
2,35
35,1
47,47
13,49
1,13
13,48
2,20
17,19
10,39
16,15
5,45
28,39
7,19
9,32
17,19
49,20
14,2
32,30
34,23
4,6
38,46
20,40
37,34
33,47
8,26
34,30
44,34
19,35
49,14
28,28
9,43
5,44
39,6
14,23
33,48
1,46
6,27
33,22
11,2
21,4
30,9
25,26
37,45
0,47
24,29
15,5
37,29
3,43
12,20
30,42
30,40
21,17
43,45
20,14
23,14
38,8
49,31
27,43
23,9
1,25
49,49
32,38
5,37
23,23
31,11
8,45
26,26
49,8
4,48
36,0
31,17
24,10
34,38
1,49
38,24
15,39
21,49
29,24
17,18
29,3
1,2
45,9
46,4
42,23
16,21
15,9
45,23
32,39
35,17
13,39
36,46
14,4
34,45
21,37
7,36
17,24
17,36
5,34
31,33
43,44
46,24
9,15
28,33
25,43
1,9
15,48
45,13
5,20
49,27
46,21
48,40
21,21
5,40
16,36
23,9
49,18
43,22
6,42
2,11
30,32
5,19
13,48
47,23
30,1
33,20
36,29
34,41
44,30
32,49
33,35
15,42
19,16
11,6
38,17
35,9
26,47
10,24
38,1
8,42
21,19
49,48
40,33
12,21
0,1
39,41
12,19
6,32
35,1
5,3
27,11
34,15
14,5
0,15
0,18
4,32
31,47
31,47
42,3
8,36
24,15
37,11
17,49
28,7
2,11
44,14
31,20
11,41
13,16
19,39
7,9
6,47
14,5
35,38
31,4
14,10
49,5
20,7
26,8
7,29
7,12
12,38
9,0
46,11
33,15
1,29
3,35
32,49
13,12
41,17
24,25
17,3
8,18
3,40
47,33
7,43
20,13
17,36
39,38
44,31
35,29
35,22
20,24
36,0
26,34
38,35
41,38
49,1
27,30
25,10
30,35
18,45
44,5
40,37
17,24
19,47
16,0
43,35
17,6
3,21
7,46
38,44
26,1
18,40
21,43
16,18
9,6
19,0
8,1
47,18
6,6
39,1
19,47
13,9
20,38
16,8
7,33
33,12
30,13
2,6
24,12
35,28
25,14
16,30
23,7
34,26
5,3
41,11
22,30
38,27
44,44
6,2
38,19
46,18
27,46
5,3
8,10
35,22
34,36
40,37
10,1
39,38
14,0
43,7
20,13
7,40
20,31
19,45
37,13
2,20
46,5
44,8
49,31
26,15
34,34
43,20
6,28
26,4
6,45
5,41
15,20
11,14
23,38
44,30
6,45
48,42
2,24
6,44
34,15
27,42
0,4
21,5
42,9
17,25
3,30
10,3
5,29
35,46
22,43
22,47
46,35
18,45
22,37
3,49
15,33
23,10
27,33
27,31
34,26
10,23
24,34
12,12
32,48
43,46
49,18
29,35
14,12
3,2
25,37
21,34
26,18
46,10
15,26
47,1
25,13
3,45
43,33
41,0
33,34
12,43
45,41
20,15
22,3
4,22
1,19
38,17
44,22
21,19
33,29
3,21
0,9
30,45
9,36
39,38
0,10
41,43
22,39
2,29
35,11
27,28
49,39
30,29
36,26
39,28
31,40
31,29
34,41
19,12
37,39
40,1
22,45
40,17
38,11
28,19
20,0
45,16
9,25
34,10
38,1
25,9
1,5
2,45
8,15
34,36
3,28
29,17
15,1
3,4
46,21
8,1
18,44
33,35
39,4
20,9
2,49
11,28
4,3
28,23
44,18
34,43
7,42
19,19
35,16
9,31
25,13
42,43
24,5
48,5
11,18
4,36
2,28
32,6
16,17
45,3
23,43
49,42
48,12
26,14
43,40
2,44
5,10
33,27
23,39
42,27
33,14
23,23
9,17
43,23
48,49
32,41
6,28
3,34
24,46
30,12
35,14
16,23
39,36
3,15
38,0
2,48
2,34
3,16
38,3
48,32
7,11
11,21
10,9
37,20
16,20
31,35
20,47
47,39
23,1
4,47
43,27
0,42
32,4
1,3
3,12
46,35
48,18
44,5
20,47
28,49
24,1
43,13
2,40
49,9
5,34
30,15
27,18
5,46
43,41
9,0
46,33
4,9
34,3
49,14
2,47
10,36
32,19
27,26
24,17
24,37
38,16
13,38
31,28
2,42
5,14
15,39
32,1
42,36
5,38
3,29
29,35
36,30
14,30
12,30
47,28
20,1
38,11
29,31
31,34
39,8
25,5
12,0
47,46
35,31
6,21
29,2
26,48
9,13
31,25
9,29
7,37
35,30
21,1
36,22
44,6
48,33
45,28
0,11
42,48
42,45
19,24
30,24
36,43
46,43
6,39
20,22
11,6
25,25
1,17
29,8
34,19
41,16
26,12
17,30
4,46
37,45
8,6
30,45
26,26
40,13
7,40
25,6
40,35
24,29
22,29
21,21
35,33
38,26
49,37
37,42
35,21
21,31
7,36
27,3
0,29
33,19
0,18
18,13
9,3
10,22
36,20
25,13
37,14
39,10
5,15
12,7
16,25
5,29
39,32
3,27
33,39
37,6
47,34
34,22
21,20
31,25
27,29
42,26
26,18
40,37
1,1
15,4
48,30
49,5
16,6
1,19
38,41
31,36
46,31
6,39
49,43
47,40
38,29
40,9
29,17
9,10
35,32
47,27
22,17
24,27
17,35
0,26
6,29
6,22
4,20
27,31
39,9
48,34
23,11
19,36
32,41
30,10
22,0
29,43
31,11
47,40
7,21
43,38
4,0
49,18
3,32
35,42
0,36
25,7
16,26
41,6
12,19
19,0
20,11
17,38
20,31
32,33
33,2
2,25
19,20
33,13
1,0
4,49
13,25
44,22
26,12
38,5
4,12
28,15
43,10
7,20
46,35
2,29
2,25
19,5
0,16
12,4
20,38
16,48
39,33
17,4
43,33
30,5
5,20
27,14
49,13
33,31
41,9
30,5
42,31
26,42
45,25
43,10
34,12
26,7
31,24
1,46
26,9
37,0
24,27
1,27
9,36
44,0
26,18
37,46
44,20
15,36
43,5
49,18
24,18
6,24
41,42
27,5
40,9
26,13
3,3
48,41
43,46
13,2
46,11
28,28
38,44
27,29
3,27
28,15
48,22
8,1
8,4
8,40
41,30
19,18
29,6
44,0
35,2
3,21
7,5
11,20
8,2
33,18
45,9
16,12
24,42
31,36
7,15
32,34
1,35
40,30
33,4
16,41
33,22
34,15
18,44
24,41
19,16
35,23
20,5
42,42
24,20
3,27
7,5
26,26
29,41
8,29
28,22
43,36
3,26
16,18
49,6
4,14
47,39
31,17
3,4
48,12
32,41
46,38
21,42
19,21
45,1
28,35
17,21
38,28
36,21
7,28
48,0
30,35
35,16
25,16
7,49
44,23
19,47
26,37
22,5
11,43
29,46
27,20
4,7
31,18
11,19
12,2
44,9
41,39
24,15
3,14
13,38
14,36
31,36
48,40
8,3
45,38
35,13
41,33
30,14
24,5
48,19
39,43
42,29
18,18
28,14
26,44
42,6
24,29
30,23
46,23
18,34
44,19
39,37
39,0
3,22
43,10
16,42
2,11
16,32
23,5
29,5
8,30
25,12
42,21
20,23
46,41
11,45
43,38
39,39
6,32
45,35
21,20
49,27
42,3
29,9
28,9
16,1
33,15
22,10
28,4
11,46
47,30
42,45
34,25
33,13
0,28
6,23
26,14
6,33
25,25
6,15
48,47
45,32
4,32
34,7
48,1
21,22
3,1
36,2
11,0
18,8
44,16
26,47
15,39
29,45
19,18
4,24
42,40
40,12
23,35
24,19
40,6
15,35
45,18
39,6
29,32
14,22
19,44
12,9
32,48
13,34
6,36
0,1
31,16
29,11
11,48
21,18
46,20
37,36
35,16
42,4
1,1
35,35
36,28
32,32
40,16
13,29
3,34
3,17
2,43
40,13
0,9
32,14
40,18
31,10
17,13
36,5
32,33
12,48
37,16
11,21
44,26
14,45
29,36
25,44
3,18
13,46
28,34
1,25
24,43
39,33
17,13
8,19
19,43
4,21
8,36
42,46
2,38
1,14
0,36
23,46
27,49
15,23
39,31
15,5
27,9
5,23
3,28
39,3
46,20
9,17
20,2
3,10
3,13
16,21
26,14
11,28
49,42
6,44
3,22
1,45
12,22
46,29
26,31
13,36
46,41
18,27
23,44
39,38
20,29
34,6
21,42
21,11
1,14
26,15
41,27
34,18
33,31
46,40
7,45
33,14
12,41
5,25
49,18
3,6
8,21
31,13
15,14
11,41
36,23
19,29
44,10
33,20
25,45
39,41
8,20
20,31
16,21
31,43
44,19
6,32
25,21
3,43
2,34
11,35
49,46
39,2
24,16
2,11
20,0
27,9
7,12
5,48
29,48
26,15
4,26
23,15
6,0
40,27
17,14
47,16
22,24
41,34
4,34
38,13
35,38
14,37
40,30
27,26
8,45
17,22
0,25
27,28
14,20
42,45
43,20
36,14
24,48
45,25
39,14
8,44
33,8
22,27
7,49
30,1
23,27
11,21
21,29
7,17
35,9
44,49
28,10
41,37
12,2
43,1
14,33
49,4
13,15
20,26
43,31
31,40
1,30
16,44
27,41
21,4
40,12
2,4
12,44
44,26
48,22
29,14
35,33
0,26
14,44
16,12
12,21
10,26
25,27
2,29
42,31
38,34
22,19
48,26
47,16
39,4
43,1
27,37
0,48
45,13
14,21
0,45
5,40
1,5
37,42
18,20
48,20
15,44
29,12
30,20
19,29
31,49
14,46
19,46
7,11
37,49
29,23
27,7
0,18
30,7
34,6
47,46
15,8
1,4
12,28
38,8
33,21
20,9
13,44
0,41
39,8
41,28
0,4
34,41
11,10
19,1
1,49
47,20
2,7
42,11
46,24
23,6
36,47
37,3
17,40
26,36
33,32
2,11
6,33
43,26
23,4
33,48
13,42
13,28
12,43
9,22
45,24
37,19
6,13
47,36
43,6
13,30
0,7
33,7
46,32
13,0
9,27
34,0
20,27
5,16
43,44
6,5
2,29
10,47
37,2
26,43
26,20
15,14
48,25
27,29
45,42
18,30
6,21
47,13
20,48
28,33
41,26
41,40
42,23
24,19
23,20
3,4
28,15
40,4
22,20
43,13
37,42
18,20
11,31
17,22
5,2
32,26
42,19
42,14
25,21
3,33
4,21
6,17
37,2
33,39
49,18
19,43
25,19
26,10
33,11
30,6
42,15
12,23
6,7
0,34
24,24
45,41
11,3
1,37
21,26
6,41
41,43
46,4
7,24
2,39
21,37
39,8
29,31
41,34
14,30
9,33
0,15
47,49
0,0
19,49
21,15
41,20
8,17
27,41
36,10
43,21
0,47
34,36
42,7
31,35
44,24
24,29
14,12
5,35
17,20
15,46
23,30
36,27
28,43
46,46
47,6
2,43
25,29
17,42
48,2
40,15
2,11
31,0
18,8
39,34
35,39
47,8
5,33
21,32
37,15
34,45
16,37
18,41
44,35
7,3
18,6
25,13
47,31
15,41
34,30
28,31
16,49
6,9
30,47
9,42
2,18
22,17
33,8
0,25
39,7
3,4
47,5
38,19
15,27
5,44
36,15
11,27
12,4
31,14
41,26
38,18
35,12
49,13
8,6
32,45
12,13
47,7
30,2
23,5
32,7
21,24
39,19
6,11
32,20
25,44
43,29
35,11
41,31
26,6
3,4
49,11
19,5
6,28
43,11
2,28
39,26
28,44
7,2
22,13
36,29
47,1
17,3
17,44
32,0
32,44
23,28
1,36
20,30
33,3
32,12
1,20
38,46
1,44
22,17
29,37
20,26
22,5
3,15
23,0
10,39
14,33
5,43
18,45
45,14
11,10
2,48
34,21
13,2
19,39
11,48
17,12
19,20
0,33
49,40
30,7
46,49
44,10
14,41
48,23
41,14
29,31
20,39
21,41
21,0
33,46
37,7
25,6
25,13
14,22
24,9
0,9
14,39
11,24
11,45
42,42
0,22
24,5
15,22
1,38
4,28
31,29
7,6
43,23
16,22
19,38
8,7
2,24
10,17
16,36
20,19
36,49
42,41
16,1
42,15
4,22
24,48
38,46
28,5
4,46
27,25
26,40
43,19
38,42
44,43
16,16
33,48
45,43
26,21
16,8
47,22
42,36
10,43
43,0
44,35
29,43
18,44
34,15
5,6
17,17
14,27
14,48
20,19
22,45
6,19
13,48
27,38
18,20
48,0
23,38
18,38
26,8
19,27
39,21
39,0
5,17
41,47
48,48
3,21
48,2
32,12
42,15
31,45
21,30
12,6
41,2
38,40
33,45
45,1
2,32
28,36
7,19
46,29
31,43
46,2
8,13
27,26
26,37
13,45
9,8
46,8
38,1
23,40
23,26
46,6
44,9
3,20
24,17
43,15
24,36
31,42
38,11
21,37
9,47
44,41
3,5
47,10
1,7
6,28
46,21
24,35
44,7
4,5
22,45
2,13
34,6
5,22
11,25
14,31
2,48
45,12
7,42
26,28
30,34
13,17
38,32
43,36
17,14
30,35
37,16
5,35
30,4
4,31
47,6
31,22
25,27
34,17
38,45
40,16
28,46
16,17
11,32
6,7
49,35
22,13
5,18
18,8
28,44
34,9
12,24
18,46
6,6
40,13
44,49
5,19
32,39
45,13
21,10
5,46
7,47
18,19
40,21
20,29
17,22
10,12
28,28
29,15
39,19
6,46
18,30
6,36
22,7
2,27
6,25
18,48
1,46
9,41
31,8
48,46
28,42
35,35
34,40
5,33
42,40
8,41
43,16
2,25
39,28
6,4
47,10
2,11
31,26
32,30
30,6
33,26
10,15
26,9
30,48
32,20
14,1
31,44
21,22
45,43
49,38
32,15
30,2
5,36
41,0
25,10
9,40
17,49
46,20
3,33
12,29
6,19
5,32
36,38
44,0
15,48
28,31
23,41
37,45
13,43
35,43
35,47
13,41
16,2
20,30
7,43
44,48
23,1
38,14
11,18
5,37
28,32
16,26
3,25
20,30
9,12
20,27
25,0
46,17
34,25
35,7
45,24
18,11
20,40
34,8
41,49
19,1
24,8
5,29
21,6
45,23
31,12
12,40
19,16
23,46
14,31
26,13
1,48
1,38
45,45
31,10
15,15
24,28
14,46
24,17
34,13
11,20
33,43
2,45
28,30
17,30
11,18
16,30
28,12
31,22
34,24
32,18
21,21
37,37
11,39
45,43
17,43
10,22
10,12
47,5
5,25
0,45
2,46
24,6
15,42
36,43
2,41
30,35
6,28
41,7
13,29
29,29
32,15
26,13
44,48
23,21
45,45
24,24
47,29
29,7
25,3
0,45
5,5
6,34
33,33
40,44
33,24
21,31
3,37
17,46
47,3
1,21
22,7
42,47
0,15
22,48
6,28
19,49
14,10
13,46
7,39
29,8
26,12
6,44
12,3
11,40
17,44
28,21
29,31
13,36
39,0
45,19
32,4
43,26
3,45
44,23
36,23
42,34
11,15
19,11
3,16
26,21
21,0
35,32
9,4
13,20
0,24
11,1
18,20
48,32
2,24
16,19
20,41
4,4
32,43
34,40
39,28
39,29
12,3
7,35
26,28
25,14
26,3
41,23
48,23
17,29
17,15
41,7
25,37
27,15
33,47
40,28
45,7
0,36
21,45
23,21
25,34
8,6
16,35
5,15
0,42
42,5
20,0
26,40
40,13
49,19
8,7
46,20
29,35
43,47
34,16
2,18
0,6
44,4
32,1
28,42
16,8
17,33
30,37
4,16
1,37
19,22
16,28
33,0
44,13
14,48
28,22
38,8
38,37
36,9
28,43
22,34
25,12
21,34
3,44
31,43
12,8
23,31
31,18
32,4
0,3
31,15
0,21
20,28
15,19
9,33
30,16
23,16
16,47
1,12
40,46
38,32
38,25
11,7
41,29
40,19
36,43
13,14
20,47
5,47
41,17
21,46
14,48
41,1
14,24
21,13
41,27
35,20
30,3
15,14
41,26
17,48
7,26
40,41
16,1
18,41
30,2
40,21
13,6
28,11
43,49
20,0
12,10
0,1
25,24
7,10
29,7
34,15
38,17
38,20
18,18
6,40
31,5
6,3
15,8
27,12
48,7
44,48
38,45
26,40
48,31
19,8
45,27
36,1
26,23
37,10
10,30
31,23
49,43
29,38
38,15
34,47
22,16
24,49
29,12
42,8
9,20
28,16
2,9
1,35
21,15
13,21
25,24
2,25
45,39
18,10
39,16
0,13
17,27
0,9
15,28
24,29
19,24
22,40
20,47
35,49
5,0
43,31
4,4
44,12
3,10
39,46
10,25
34,26
14,46
9,29
20,45
34,17
7,31
28,39
49,18
3,25
39,17
47,11
43,16
22,5
11,41
12,28
8,32
43,31
44,24
36,43
49,24
24,17
31,48
3,18
46,27
31,6
20,31
3,9
5,3
45,19
20,45
23,27
13,23
44,42
2,36
1,41
30,18
1,24
25,18
18,27
45,2
24,45
11,19
39,39
37,43
9,12
10,30
4,44
29,46
41,36
16,43
6,44
39,25
18,40
10,10
33,24
18,33
29,22
5,3
43,19
14,49
3,38
31,24
46,4
10,41
39,30
16,0
22,10
21,34
13,16
2,22
21,8
43,11
24,15
42,42
14,39
26,9
28,20
9,16
39,36
26,26
9,2
38,40
9,46
40,34
10,13
39,10
20,37
13,11
6,9
41,12
20,47
29,1
25,15
19,20
19,39
4,41
8,0
5,2
20,15
30,15
48,45
1,15
10,17
33,13
48,17
37,42
1,34
29,25
41,17
38,39
6,40
24,4
25,47
31,37
1,23
36,11
7,14
38,38
17,4
28,29
9,14
48,38
37,42
39,27
36,33
43,36
16,28
17,24
6,22
36,6
32,10
32,46
47,19
18,3
46,22
42,19
8,10
25,27
40,47
22,35
37,6
0,49
20,42
21,6
8,11
13,12
49,42
48,28
30,21
7,48
45,34
26,8
12,27
1,20
30,37
3,31
19,14
16,43
22,34
14,48
42,19
35,22
3,26
25,42
15,2
15,44
33,27
31,36
22,44
10,0
35,9
12,49
41,3
36,10
20,21
31,11
41,31
25,19
19,45
3,21
8,25
18,20
40,38
39,22
38,28
8,43
10,14
8,48
24,20
4,45
14,41
12,17
48,31
11,40
31,15
22,11
0,29
44,45
30,24
10,14
13,30
20,49
39,8
22,4
9,4
43,5
24,16
37,47
25,35
37,9
13,42
40,27
24,44
1,11
32,3
40,29
42,18
36,1
16,8
38,46
22,37
36,39
8,31
40,7
41,42
27,47
45,35
12,40
9,24
47,43
46,15
9,43
28,48
31,10
38,24
37,4
14,13
16,14
1,37
18,40
22,43
44,22
21,46
24,18
39,10
10,9
23,15
30,34
4,43
29,7
39,6
44,43
6,1
17,47
47,48
9,48
34,12
46,33
36,13
24,36
23,49
24,22
9,43
36,8
12,9
48,43
43,47
18,15
19,34
1,1
2,16
15,29
33,49
48,36
34,47
25,4
1,11
18,36
48,3
29,33
43,45
49,26
48,4
47,43
2,47
8,16
28,4
1,17
49,35
32,44
7,7
11,44
27,44
0,32
42,38
0,5
46,44
43,12
20,45
11,36
37,26
7,16
9,44
37,30
19,25
41,30
27,29
36,48
45,45
20,41
26,24
36,24
34,20
16,8
37,46
25,20
5,21
36,8
16,28
16,34
19,36
10,49
28,39
45,49
13,49
9,24
15,25
10,48
10,18
11,39
43,46
49,4
27,13
35,48
37,37
4,41
4,48
45,10
1,14
6,43
40,45
2,28
35,45
48,13
44,38
33,6
29,7
45,23
14,1
31,38
44,22
32,3
25,1
1,26
12,39
17,35
28,19
44,44
40,42
12,31
31,13
48,7
49,35
40,3
33,26
7,9
7,3
23,26
16,18
21,0
27,6
19,49
8,5
21,9
0,14
48,48
24,25
1,33
47,49
34,4
43,32
14,35
10,16
36,19
12,24
6,5
0,5
18,6
45,24
20,40
43,26
19,28
22,9
15,37
29,18
23,41
0,23
30,17
32,38
11,36
27,12
2,40
21,11
48,46
34,27
38,26
38,42
45,8
22,12
15,36
41,38
15,33
27,22
14,2
35,29
48,34
17,38
16,26
47,14
9,2
2,36
41,45
35,4
28,24
22,2
48,20
42,37
0,28
41,12
1,41
5,15
2,33
6,26
11,46
16,48
16,46
23,25
36,27
26,12
33,3
1,40
44,3
36,15
23,2
12,7
27,9
0,1
31,42
48,37
17,8
48,4
20,30
34,6
42,39
21,1
10,33
40,46
3,24
43,7
13,35
31,9
33,21
12,44
25,27
40,8
21,47
3,0
26,24
38,1
25,1
14,34
13,47
24,30
26,4
39,42
8,22
40,13
12,18
28,38
47,15
38,1
26,27
47,26
6,30
44,28
32,15
38,15
17,25
28,1
28,38
18,16
42,49
40,18
49,35
4,5
1,23
11,26
2,9
40,4
42,1
23,18
30,30
19,33
28,28
48,20
2,9
47,7
21,45
3,2
14,7
38,8
31,21
2,24
28,19
25,36
16,31
7,38
7,32
27,40
42,47
3,12
45,13
28,24
17,40
11,16
28,41
20,23
1,39
40,18
1,46
6,24
41,3
11,1
22,10
18,32
2,8
34,13
43,24
44,30
3,45
5,13
1,26
8,23
25,37
24,26
27,33
1,25
26,8
20,49
20,29
20,24
46,29
38,5
38,31
32,47
43,14
11,17
22,23
44,22
6,29
44,43
23,33
44,13
32,20
37,40
32,26
14,47
6,14
20,22
19,27
33,49
39,49
8,24
2,35
2,44
35,25
19,46
14,43
31,0
27,47
27,28
18,18
20,13
0,43
15,20
14,11
7,32
26,46
44,33
31,4
5,34
42,17
2,49
27,24
35,5
21,31
14,6
15,38
4,12
25,15
2,9
25,21
45,9
20,7
48,23
15,37
3,1
27,35
12,36
44,47
38,14
42,32
43,17
46,23
16,29
36,23
41,22
22,24
33,5
26,48
17,48
36,18
48,19
20,3
40,6
36,49
18,19
8,0
21,44
27,36
20,46
36,45
23,1
2,4
11,14
30,1
9,41
40,46
29,26
21,8
26,32
22,47
1,34
36,41
9,19
43,44
40,1
3,0
19,41
24,2
47,38
18,40
27,19
9,1
21,7
41,19
11,42
4,10
39,19
32,21
2,6
17,12
22,47
14,41
49,5
31,44
40,36
25,25
30,8
37,44
34,32
9,38
14,9
15,7
34,16
46,4
34,1
33,27
9,9
12,48
48,35
5,35
2,8
6,38
11,20
22,40
17,44
18,14
20,8
7,45
39,33
35,34
28,12
30,25
11,41
31,4
22,42
15,26
10,6
46,29
39,48
40,24
34,31
10,17
4,45
5,33
14,14
39,15
37,3
41,43
6,43
5,43
17,48
8,14
42,39
20,0
8,13
23,31
26,47
47,26
22,38
34,7
47,47
37,8
26,19
32,43
3,1
32,6
4,41
18,2
28,42
29,22
35,19
11,14
5,45
41,13
29,38
25,48
43,40
1,31
4,21
10,40
36,20
24,37
20,31
24,43
41,47
4,45
23,28
24,0
22,33
7,49
15,34
45,44
23,3
25,13
18,3
28,10
15,11
16,27
17,6
5,6
2,10
41,40
1,33
1,6
30,32
20,44
12,0
48,31
33,17
16,2
1,31
45,2
4,18
11,46
36,44
5,8
11,48
26,10
20,49
6,3
25,3
15,34
30,1
1,12
28,10
2,45
15,2
7,40
13,17
29,36
12,24
15,36
13,32
12,27
21,9
47,2
11,34
22,31
19,0
38,37
4,0
47,36
15,11
0,12
28,27
43,35
22,1
16,18
40,32
3,4
17,21
25,14
9,43
37,19
34,11
36,32
7,18
49,21
40,23
0,7
23,21
28,3
23,13
28,45
15,20
42,28
46,35
49,11
43,32
16,34
5,28
14,4
42,43
26,20
42,32
48,45
41,43
27,40
8,28
38,45
46,41
37,43
41,16
49,40
9,26
21,16
49,14
12,8
21,7
3,15
42,14
46,38
2,3
48,8
13,48
9,45
40,17
16,37
3,37
40,31
15,2
31,1
19,18
31,49
29,12
17,0
4,46
48,9
0,1
31,33
11,5
38,45
44,28
8,20
10,13
31,41
35,46
49,5
31,26
20,30
7,35
40,45
48,41
19,49
25,32
30,24
21,41
48,22
16,39
39,22
33,16
5,16
49,10
31,21
4,32
14,44
10,28
24,26
48,19
36,8
39,1
24,9
24,43
1,16
6,47
35,23
16,32
27,29
11,46
21,13
22,13
13,18
41,5
33,21
46,36
12,30
35,24
33,1
9,42
29,18
45,6
16,3
22,42
9,25
14,41
41,40
29,20
22,42
4,37
35,14
1,39
10,2
9,3
33,30
45,46
17,0
21,46
1,26
9,47
1,3
16,18
43,14
37,1
28,32
14,29
7,19
17,1
12,8
3,27
19,34
44,43
4,17
8,9
10,42
11,17
42,27
13,7
14,44
18,15
47,31
13,45
7,14
1,16
12,8
21,37
45,42
25,11
43,20
14,32
31,30
29,46
45,21
43,15
46,44
49,39
40,3
23,27
17,45
48,29
45,41
3,41
41,8
27,4
26,6
5,0
13,0
7,1
29,24
14,20
21,5
8,15
8,32
32,10
32,39
7,19
28,31
40,23
0,34
0,22
16,38
45,31
48,31
11,9
31,17
21,24
34,28
14,38
17,15
25,22
38,32
25,34
16,25
40,3
22,40
42,22
2,35
34,3
16,47
26,32
45,22
0,12
43,39
8,26
30,28
48,44
42,17
16,8
42,33
15,0
9,35
2,29
44,36
47,41
23,43
27,7
4,41
45,46
28,5
7,3
40,20
8,48
12,45
27,48
48,3
7,3
46,22
4,49
5,49
22,18
6,9
10,45
7,25
38,35
48,15
18,47
49,28
26,36
0,48
3,39
19,46
2,24
33,5
7,0
32,48
47,4
12,27
37,46
46,11
24,7
3,3
37,46
44,33
7,29
10,29
5,25
38,44
45,11
20,8
48,29
46,30
11,15
16,39
4,12
9,2
5,10
35,49
19,42
30,38
22,32
46,15
2,19
31,11
4,24
21,45
33,45
5,7
37,39
14,46
36,36
49,20
34,5
45,20
11,2
6,16
3,17
15,8
38,12
23,34
11,26
47,48
45,35
14,1
25,3
42,36
8,27
28,44
20,43
9,35
24,9
42,44
5,28
0,32
28,40
9,20
26,22
9,22
8,25
15,1
8,44
4,28
42,21
14,14
40,36
13,28
11,5
10,25
24,42
47,7
35,29
9,26
17,2
48,6
8,39
21,41
30,0
19,9
16,33
9,45
7,8
42,17
36,18
0,0
42,25
24,25
32,12
5,33
4,17
34,42
41,14
27,6
8,47
8,33
25,24
39,27
37,38
32,38
46,36
11,42
12,20
27,8
30,14
8,11
30,41
24,3
49,19
21,13
20,42
22,3
41,28
26,1
45,42
17,40
28,11
15,40
42,47
18,2
46,15
8,36
11,32
17,14
25,30
11,11
3,33
49,39
49,39
46,28
29,34
14,23
45,25
34,7
1,28
26,20
46,30
0,35
29,47
1,21
43,9
23,11
4,12
3,47
42,12
45,11
11,39
23,46
22,13
11,48
18,24
3,13
19,12
42,38
26,14
48,49
24,19
47,24
39,29
20,47
40,12
43,37
1,32
38,47
33,18
45,33
47,47
4,47
22,33
46,1
34,34
6,18
25,25
43,2
24,24
16,1
18,25
21,47
0,25
15,9
39,48
3,39
10,36
31,41
21,25
49,5
14,11
35,34
45,11
41,25
49,45
36,40
5,1
22,46
30,20
47,34
10,9
40,46
48,6
38,33
46,7
14,12
30,1
46,3
23,42
45,13
12,38
3,36
4,19
20,31
46,36
44,44
18,42
32,2
9,13
1,42
26,20
13,31
14,49
26,13
15,31
11,40
38,39
41,48
16,42
8,9
27,32
40,11
45,36
41,38
3,45
20,10
13,2
31,37
34,28
13,34
22,2
47,35
23,16
20,49
46,13
4,35
18,8
34,27
33,6
30,6
20,14
0,2
30,11
21,1
2,32
24,42
23,32
31,33
1,33
30,1
11,24
23,40
22,6
4,48
27,28
41,28
30,43
36,16
38,48
21,44
36,21
28,15
35,9
7,33
37,0
43,11
25,43
22,30
9,32
36,26
29,2
16,31
9,45
36,18
2,22
8,21
45,48
44,41
15,25
26,45
49,0
36,6
49,31
6,20
26,41
39,31
36,25
5,40
23,0
24,22
18,20
35,36
35,27
24,12
37,4
4,46
4,7
1,28
0,49
17,4
19,24
45,41
31,24
45,32
29,16
46,14
37,12
47,27
44,41
46,20
16,42
1,12
43,15
28,27
36,4
15,31
4,23
46,30
22,17
19,40
39,43
12,10
43,18
25,6
24,14
24,35
7,49
42,42
24,27
28,3
8,0
2,47
6,48
9,20
38,24
32,45
1,32
23,0
34,9
17,33
15,32
9,7
1,40
20,28
47,2
13,48
14,33
9,33
1,9
32,44
3,22
16,40
30,32
38,42
24,16
41,45
28,4
35,26
41,30
2,17
13,46
23,9
36,42
36,45
10,13
27,14
19,22
8,47
21,27
41,26
16,21
22,5
3,33
10,9
41,39
46,42
36,21
17,13
46,22
31,21
48,23
39,37
7,5
7,3
4,35
37,8
22,17
21,24
30,29
11,12
24,47
28,22
13,11
49,44
0,7
19,26
9,25
48,17
28,1
43,10
0,33
49,0
34,39
25,46
43,36
8,6
3,49
44,44
29,37
17,21
39,43
18,28
7,19
10,23
8,38
35,29
31,24
36,19
15,16
27,42
34,41
15,24
3,8
7,15
39,32
44,25
23,43
4,39
27,6
22,11
18,1
14,3
8,26
28,23
20,11
47,38
40,48
47,30
9,35
11,34
18,28
34,42
9,22
5,11
47,5
36,15
41,27
26,36
33,13
27,29
41,43
8,9
49,40
12,15
49,42
19,42
46,33
7,19
12,36
14,30
31,20
34,19
48,39
0,23
45,39
11,29
2,41
28,13
13,9
20,0
24,19
45,42
18,36
2,34
23,28
10,25
31,27
14,32
6,15
9,14
7,27
29,46
45,2
0,31
0,15
10,17
4,5
2,49
18,6
29,0
3,25
18,32
39,20
34,21
4,13
33,9
35,20
19,8
45,34
1,3
2,5
0,18
35,19
37,8
38,45
24,35
34,21
8,35
3,18
13,40
10,25
11,39
3,22
43,49
45,21
29,27
20,39
14,31
1,37
28,38
4,5
4,18
49,38
39,21
48,42
42,43
39,24
14,3
48,23
44,7
37,1
24,42
22,4
22,24
8,26
44,44
46,12
27,11
7,27
4,17
2,4
3,23
4,43
42,48
8,30
36,3
7,31
26,19
46,39
5,47
9,30
30,12
25,29
47,30
13,39
1,46
30,40
0,43
24,29
40,41
10,40
13,26
7,48
37,7
16,49
42,28
8,19
33,23
11,9
42,11
28,10
21,38
29,37
45,43
40,33
5,25
11,1
16,16
28,43
6,35
32,21
16,22
16,19
13,42
0,20
15,36
19,47
3,40
22,44
4,23
4,45
44,47
40,19
9,5
27,7
4,25
20,14
47,36
14,18
33,24
4,44
22,49
46,21
5,41
27,19
2,43
37,33
26,4
6,16
40,20
48,43
12,27
13,4
32,22
40,14
8,1
18,34
47,46
12,38
0,30
2,18
37,48
26,39
47,33
5,23
46,40
13,30
8,38
43,27
34,49
19,23
16,46
8,21
17,34
20,38
31,43
33,11
1,36
20,16
27,34
22,19
33,49
3,1
17,45
10,29
47,25
15,25
4,49
37,21
30,27
4,2
46,30
6,5
17,16
24,47
25,28
13,16
17,2
4,16
18,49
10,8
43,19
30,36
1,25
46,26
44,16
26,49
36,2
37,33
17,28
43,9
34,1
26,42
44,12
3,34
42,32
3,14
30,29
47,13
29,43
36,10
0,9
45,21
4,18
22,1
8,21
19,36
37,46
5,4
1,9
29,28
49,15
16,43
22,34
29,32
35,30
10,32
6,6
33,12
2,35
34,49
12,33
23,10
19,21
8,16
10,36
20,46
37,18
15,38
14,48
34,46
46,1
40,13
28,0
39,3
19,12
37,28
47,42
30,3
12,3
20,44
29,37
21,28
20,46
42,25
31,33
2,12
10,48
21,45
31,45
38,15
12,11
35,40
42,16
22,47
44,34
7,27
31,3
45,13
13,39
21,26
43,33
17,24
26,27
43,38
11,16
10,23
39,14
10,29
25,23
1,14
2,47
3,8
18,18
49,38
18,38
38,36
15,20
32,38
15,1
38,38
6,36
4,17
11,40
38,9
20,41
22,19
23,24
40,41
46,35
40,48
11,20
41,47
20,34
44,1
17,10
8,28
24,25
28,37
23,14
34,22
39,46
27,22
48,2
14,18
16,12
17,41
45,48
7,15
9,13
45,4
37,16
28,25
10,47
40,12
34,47
44,44
4,36
19,22
28,46
36,46
12,7
25,15
7,3
30,36
38,21
15,1
24,22
22,37
34,2
44,7
40,15
42,19
6,31
21,38
13,33
40,33
0,42
14,13
15,0
24,20
25,20
32,21
31,18
12,14
8,24
2,25
38,41
36,37
36,13
19,28
4,2
44,44
31,35
5,16
46,12
4,13
8,0
13,1
24,39
10,37
31,39
7,30
39,49
42,48
26,44
8,17
8,0
44,16
11,38
43,14
1,30
35,20
18,26
21,45
5,11
6,15
13,9
41,28
15,49
46,18
42,19
28,30
29,8
0,18
4,39
31,23
33,11
43,25
7,14
30,23
8,16
21,40
21,36
23,42
41,38
43,7
34,4
11,9
14,10
1,43
21,44
41,30
25,22
3,28
25,29
16,32
48,13
42,8
7,26
48,17
42,16
13,6
6,8
6,34
2,45
45,8
48,47
6,4
37,28
45,48
37,43
28,1
27,24
23,20
19,38
29,19
16,35
24,3
35,27
30,16
27,43
10,37
29,41
32,41
34,27
37,21
39,19
4,8
11,47
33,30
25,39
11,10
16,24
29,22
49,40
33,47
46,45
26,44
17,22
11,24
8,6
12,49
35,15
18,46
13,23
1,4
29,31
46,11
9,2
27,32
20,17
46,24
2,23
17,9
28,25
31,0
2,21
6,47
22,24
15,42
48,13
19,23
6,49
41,41
41,8
24,6
15,25
42,40
5,18
47,46
38,6
49,35
3,43
22,6
22,45
21,30
31,4
36,22
16,30
21,12
43,31
9,4
44,15
32,31
32,24
47,19
13,10
15,7
33,10
1,19
11,20
5,32
15,45
16,41
48,28
5,35
26,45
34,10
35,33
13,0
22,10
31,44
21,23
42,25
35,15
35,11
38,11
9,31
2,36
30,28
42,38
0,23
19,44
3,34
5,27
20,47
9,22
5,42
13,26
0,28
42,45
18,8
1,10
36,14
9,12
19,16
32,2
22,26
4,3
7,35
40,25
21,31
24,19
1,37
8,32
41,10
19,1
1,12
4,19
39,45
12,45
46,25
27,48
8,2
42,2
42,42
44,1
1,15
30,14
27,45
46,3
44,48
42,18
42,39
31,44
36,18
20,6
43,4
7,46
29,16
48,5
2,3
38,31
15,23
17,16
16,0
9,19
5,21
46,25
37,25
41,17
28,48
8,26
23,5
8,48
36,37
44,9
7,32
16,21
12,19
34,0
10,37
9,36
45,45
28,47
14,25
36,35
17,10
2,7
40,26
34,0
46,1
25,6
15,28
12,16
39,34
40,29
33,13
34,22
42,22
4,1
11,17
2,17
5,45
44,12
40,2
28,34
41,33
46,5
20,6
45,11
4,33
34,32
45,20
13,45
13,27
7,36
42,45
16,43
40,13
4,49
21,19
2,40
18,22
29,16
14,42
25,24
28,28
46,6
10,41
45,43
1,7
24,7
32,38
24,42
20,46
2,44
47,8
14,48
26,12
37,9
10,22
28,10
12,18
25,14
10,10
0,30
8,46
3,3
21,37
3,25
14,19
13,14
1,20
45,14
6,5
11,19
22,10
29,17
17,34
28,16
46,49
20,6
45,17
39,8
25,24
25,24
2,43
2,12
7,47
39,8
5,16
31,16
42,33
26,48
44,24
1,29
32,17
1,34
25,41
3,11
44,5
10,48
49,5
6,25
33,45
28,45
2,40
44,18
42,20
5,3
4,14
17,33
14,39
27,35
21,40
41,48
48,20
34,25
14,15
45,22
7,22
35,25
2,33
11,20
5,13
24,43
33,29
19,13
3,39
30,35
10,28
4,6
40,42
29,1
12,3
24,6
39,33
46,27
47,49
16,17
9,28
0,46
28,38
45,23
18,5
9,45
49,14
17,47
24,38
24,14
32,22
18,0
22,15
21,7
0,35
4,47
8,36
7,4
42,9
12,8
29,16
13,37
18,35
22,40
2,10
43,37
14,48
0,5
16,8
25,24
24,36
28,12
38,23
33,21
19,34
7,40
1,40
42,43
20,3
42,23
44,11
45,2
5,48
0,26
49,0
44,4
9,19
20,43
5,17
45,49
43,6
16,12
8,1
12,24
10,42
6,25
12,37
6,20
44,23
4,28
47,1
10,28
42,36
15,28
10,39
13,40
1,36
4,44
36,12
39,40
17,15
19,14
28,42
2,1
38,3
38,20
48,18
34,39
0,21
30,31
10,8
45,44
49,17
6,3
0,36
26,42
32,13
42,39
29,25
34,28
24,29
44,44
24,32
34,31
12,29
12,41
37,10
22,41
8,9
41,26
6,5
29,28
31,21
21,23
41,8
8,43
10,5
33,7
48,29
18,16
37,39
46,36
42,33
8,41
21,38
11,18
1,9
36,18
31,5
36,45
4,14
0,31
17,4
36,33
32,6
24,20
8,22
0,49
21,0
49,38
12,20
21,48
10,13
48,24
9,25
44,14
41,49
28,44
32,4
39,25
24,3
0,41
38,12
18,48
25,46
0,30
22,37
12,5
16,37
39,14
24,14
30,26
33,25
7,24
18,20
43,19
7,26
10,5
5,41
3,6
48,23
1,34
23,41
36,36
28,5
31,14
45,27
15,31
18,47
17,13
48,35
32,2
14,42
2,40
36,26
34,41
3,41
2,18
43,9
38,19
22,8
20,36
27,22
23,34
3,41
4,24
28,35
5,1
47,11
39,15
28,30
0,32
25,9
20,43
35,43
33,7
49,49
35,23
48,8
43,29
8,32
35,41
9,15
21,5
19,2
14,21
14,13
2,48
13,47
37,3
42,38
35,44
7,44
47,47
49,12
10,40
19,27
38,27
20,3
1,1
26,31
24,28
13,19
12,8
46,3
15,33
6,23
25,29
16,1
5,35
19,21
30,2
13,46
11,22
6,29
48,38
20,40
10,7
39,37
20,9
32,46
5,19
40,18
42,38
14,7
29,3
3,44
22,23
16,49
47,35
38,4
22,23
44,2
27,45
25,8
25,14
2,45
46,20
25,33
40,22
20,2
20,46
40,4
5,0
47,20
34,36
14,1
33,15
22,12
36,18
20,16
27,30
16,0
37,45
34,35
32,5
6,47
35,6
22,40
46,27
27,46
26,35
43,33
42,27
27,0
28,13
47,2
2,6
24,47
41,38
16,17
47,2
25,42
34,46
12,39
17,33
20,2
38,26
9,42
28,28
14,40
36,48
27,27
12,31
28,2
41,21
20,31
17,29
20,25
25,49
43,35
45,34
12,34
6,47
38,46
16,19
23,27
44,5
24,11
38,29
18,0
2,2
34,16
37,49
36,31
47,1
40,44
37,3
8,30
20,16
24,19
7,0
38,41
16,2
11,12
29,13
49,20
1,31
35,49
4,15
36,37
41,41
46,46
39,3
44,13
38,39
25,41
39,38
48,45
11,23
31,27
0,9
33,34
46,12
40,46
22,28
2,43
24,16
37,10
23,45
22,19
5,22
48,4
41,29
11,11
7,4
5,3
29,8
34,18
31,43
48,13
36,47
29,19
25,48
18,37
4,8
20,32
5,37
19,13
10,24
11,29
35,9
32,44
47,48
24,29
32,37
28,19
43,29
3,12
41,35
30,16
48,25
2,11
32,23
7,34
0,19
34,40
43,18
20,3
15,26
45,37
11,23
24,21
20,13
20,42
19,29
18,16
41,47
28,29
27,27
33,12
14,41
16,17
49,13
30,3
47,44
32,20
37,37
21,33
39,20
33,41
23,32
47,32
1,10
1,0
44,11
36,32
17,38
29,16
1,20
21,40
30,33
33,34
10,44
2,30
35,21
14,34
13,47
13,29
32,22
21,16
38,34
2,36
11,8
26,45
37,37
0,40
33,1
44,29
2,38
18,37
33,10
18,30
22,37
37,26
32,38
12,34
7,42
42,35
14,30
31,3
8,46
42,18
4,19
3,37
42,28
30,30
3,26
14,19
32,34
19,29
48,16
18,0
31,42
0,43
3,48
36,10
23,31
13,11
26,34
32,31
26,12
23,43
34,17
0,15
28,5
45,25
17,20
25,35
14,44
42,48
30,4
43,42
48,46
36,49
0,11
1,17
27,29
7,9
2,40
40,41
44,35
5,47
23,33
46,34
6,15
44,40
36,3
12,38
3,48
47,14
32,1
33,31
7,41
17,5
32,23
7,11
12,0
49,9
47,29
29,24
38,9
3,43
33,8
6,43
2,1
34,29
1,1
28,7
12,0
6,1
16,1
11,45
29,47
20,29
35,21
22,20
36,26
33,7
49,47
41,29
21,24
29,33
38,30
34,44
41,8
2,12
30,6
6,35
31,12
12,48
10,24
45,1
9,22
4,41
25,7
29,4
33,48
46,43
26,44
41,1
8,49
41,19
42,16
48,19
6,25
16,43
13,33
22,44
45,11
21,12
48,32
40,37
34,13
32,39
23,26
9,44
39,49
16,48
31,18
33,19
34,6
41,5
6,24
48,8
36,19
13,33
14,23
34,40
39,30
3,13
39,8
35,10
40,34
7,27
44,32
29,1
35,2
3,34
34,15
21,28
39,22
38,18
30,29
35,49
48,36
30,8
42,27
35,29
17,16
33,1
18,48
38,7
42,7
17,14
46,47
36,36
20,0
4,33
7,41
10,21
17,47
44,39
39,0
33,21
11,49
23,17
35,21
9,49
20,30
47,4
11,45
10,9
19,5
37,8
37,37
45,31
13,35
22,1
6,39
7,37
31,43
9,7
32,26
30,41
31,39
37,7
0,19
16,48
38,11
22,34
5,22
32,27
46,22
17,14
1,39
37,35
12,30
0,29
18,27
11,15
23,16
40,1
15,3
3,20
40,29
38,38
44,13
35,41
34,10
25,0
39,4
20,40
26,1
18,22
31,8
1,44
36,24
3,8
30,22
5,31
39,35
29,39
19,35
44,12
29,34
1,36
39,48
36,3
33,28
13,21
45,12
13,4
6,35
40,15
36,37
13,31
37,36
7,23
3,0
28,0
45,39
10,15
36,20
21,34
19,24
6,48
29,49
1,25
14,40
44,39
42,47
31,32
5,38
31,16
42,48
1,28
39,1
28,9
13,21
43,33
34,33
40,14
13,43
18,2
14,45
8,42
25,38
13,10
17,0
3,10
46,28
27,19
40,41
22,0
46,38
4,4
18,0
15,38
39,25
24,26
16,12
41,41
4,9
20,32
19,44
6,33
32,30
28,30
40,2
32,19
30,26
23,6
23,29
2,26
17,5
14,31
41,31
12,15
45,2
12,44
8,49
11,1
47,22
4,8
23,28
43,37
7,42
47,49
12,19
8,29
35,24
16,21
29,41
10,8
35,18
24,13
44,6
4,29
22,22
32,4
13,30
45,22
20,45
4,9
31,41
38,49
18,10
25,46
38,36
3,34
20,29
1,15
23,49
2,48
18,30
0,25
16,30
34,13
40,36
28,8
36,31
13,36
24,46
40,25
21,7
10,26
27,30
20,10
28,2
4,16
19,9
42,6
5,26
17,33
9,18
31,14
36,3
18,12
9,0
35,5
7,31
2,25
19,41
12,1
43,49
33,49
39,3
36,46
33,31
32,36
30,44
36,23
31,33
27,7
24,15
2,20
9,36
0,31
20,36
21,0
4,32
40,36
39,18
44,29
17,17
46,42
20,39
5,2
23,49
35,23
24,12
16,48
35,28
27,41
36,28
18,32
49,47
39,18
17,43
43,14
9,25
7,48
34,17
9,39
25,41
37,39
17,4
47,46
30,23
15,32
3,42
49,18
15,38
25,28
41,20
41,39
36,31
17,37
36,39
10,14
37,49
4,12
20,16
46,0
8,13
15,0
43,29
38,12
26,49
16,6
9,16
42,16
11,15
31,1
27,9
28,26
27,2
49,12
4,25
0,44
32,22
13,39
1,26
25,40
40,38
4,14
22,41
24,40
0,9
7,31
4,49
16,35
18,17
16,5
9,4
36,10
26,0
39,18
44,5
4,44
28,24
22,47
49,20
1,4
29,41
30,0
9,24
31,21
34,2
30,23
28,32
47,24
24,3
7,6
13,8
8,15
4,0
7,2
33,1
1,26
47,27
2,20
31,4
7,42
19,26
30,26
20,6
31,38
29,25
31,1
48,46
35,37
9,26
39,3
36,27
38,18
8,20
6,5
3,47
13,26
42,38
17,2
4,30
45,31
35,6
4,44
24,16
19,19
23,15
29,28
5,47
35,23
20,2
21,38
25,2
33,49
25,48
38,12
11,47
21,23
4,30
38,30
10,21
40,48
48,25
20,36
1,28
6,9
35,38
17,2
48,18
38,11
30,15
26,23
27,1
35,0
40,26
4,31
9,35
48,15
22,44
3,44
34,13
13,14
21,34
13,25
47,8
24,29
1,45
28,33
46,41
13,30
34,36
21,5
27,9
10,17
23,16
43,28
17,37
23,47
35,22
44,23
29,7
6,44
7,38
42,36
13,1
23,32
9,47
7,3
24,7
8,37
36,12
3,41
27,31
4,3
6,35
9,17
42,48
23,43
16,16
40,27
29,30
8,9
12,41
29,16
42,12
42,43
3,8
49,24
32,26
28,24
21,47
23,46
26,42
37,27
4,25
6,5
35,46
8,25
35,1
8,40
35,44
16,23
35,39
0,43
19,13
39,26
10,45
41,47
7,48
8,27
38,27
45,5
18,41
11,11
31,35
29,17
30,36
20,28
42,21
33,37
9,46
37,26
33,34
46,42
32,19
11,39
6,32
23,27
0,40
9,37
19,21
3,32
38,5
15,13
46,48
31,24
48,41
14,28
16,44
10,41
49,35
20,6
22,40
25,7
34,1
26,13
29,7
47,8
21,10
3,32
8,44
39,4
43,35
26,20
4,49
14,45
30,3
35,48
23,47
32,28
47,38
49,34
33,27
30,40
12,44
46,21
20,24
35,23
37,26
38,9
2,33
39,11
34,7
44,5
33,3
27,25
37,32
34,26
33,37
30,42
1,38
32,0
36,12
22,25
13,28
6,46
25,6
21,30
24,12
7,40
36,32
27,16
8,44
15,28
9,11
40,26
5,45
31,6
8,1
1,26
44,17
8,17
39,20
25,16
11,22
24,23
7,10
24,46
21,36
32,34
42,45
17,33
27,14
44,42
49,27
43,37
24,22
36,30
38,47
33,49
1,46
45,45
48,41
11,5
24,10
23,0
44,37
9,10
24,10
18,12
19,0
25,21
35,31
30,22
20,41
49,28
39,25
7,36
43,16
34,45
7,1
23,27
6,33
13,42
43,34
9,24
28,22
33,32
48,20
25,5
22,22
32,44
36,44
44,46
8,43
47,32
32,43
40,12
8,13
1,13
42,17
48,21
15,26
22,40
36,2
27,40
12,1
13,37
40,20
40,43
8,23
14,46
25,24
26,19
8,25
40,41
27,33
6,31
0,12
21,12
28,22
16,42
18,49
28,1
16,34
19,27
36,5
20,19
16,37
29,10
19,7
34,30
5,19
29,10
43,39
25,47
46,29
30,21
31,38
21,15
47,25
45,41
37,19
7,4
25,48
49,4
35,38
41,47
22,31
0,32
49,12
27,16
45,38
15,49
35,11
38,46
42,22
37,8
11,2
29,6
2,14
6,9
36,44
28,19
24,44
16,35
14,37
20,7
16,40
8,10
14,28
42,14
33,10
29,39
12,41
46,30
21,41
25,2
40,28
49,5
11,44
41,15
22,28
4,14
3,12
47,33
49,36
16,16
16,20
47,24
42,20
18,40
0,15
42,13
2,3
4,36
8,12
15,18
42,37
10,44
25,25
47,4
14,23
24,3
36,41
41,18
46,33
42,46
3,23
5,34
28,49
24,34
32,1
2,36
8,4
21,8
21,4
15,13
33,36
48,25
11,42
18,20
17,38
42,35
17,21
8,38
14,31
42,45
22,10
38,45
12,31
30,38
42,31
34,29
43,43
18,30
5,28
2,25
42,39
7,47
42,21
23,42
41,28
38,47
16,32
18,15
26,24
16,41
32,43
24,11
40,2
11,27
44,25
10,26
43,10
26,35
20,28
5,2
43,26
14,37
1,30
30,32
43,7
35,7
26,4
30,40
2,25
30,1
13,0
43,44
36,41
12,24
20,7
8,4
24,41
45,24
38,9
40,19
33,46
12,33
14,31
26,49
45,12
5,46
19,49
29,10
37,23
48,48
29,33
16,17
23,21
15,13
33,28
6,4
30,20
48,30
13,20
20,16
1,49
12,5
19,33
8,19
36,13
46,48
23,41
29,15
44,12
30,47
19,10
5,37
31,24
44,10
8,18
4,1
19,10
32,15
23,22
17,30
30,45
37,34
3,39
29,9
3,32
16,28
45,34
45,23
28,38
15,47
39,2
9,22
4,7
31,18
6,41
18,3
3,46
37,20
36,29
38,21
7,19
18,6
9,35
17,25
48,15
46,16
18,41
7,29
28,40
40,30
45,29
3,23
33,17
20,15
17,6
7,41
10,32
30,45
12,31
6,5
19,40
21,20
3,19
11,49
25,3
10,12
21,35
44,10
43,22
42,38
19,42
20,46
24,18
45,6
13,48
31,21
21,25
5,25
20,12
49,44
43,43
37,15
44,48
1,20
21,30
49,42
8,47
37,46
19,15
36,6
24,41
45,20
28,41
37,0
17,37
1,43
3,8
2,21
38,43
48,30
34,19
46,12
30,46
31,34
2,24
26,48
44,10
14,0
6,4
29,9
18,41
18,26
13,19
16,2
49,21
36,15
22,31
17,19
34,1
21,27
47,49
17,16
10,36
7,31
8,10
48,9
45,39
35,15
25,24
4,37
23,29
35,11
33,2
22,4
9,5
21,5
14,3
22,10
36,48
12,24
44,3
22,45
