asin,OrderId
42,47
36,39
25,44
29,4
38,43
47,34
21,18
25,43
46,48
10,28
16,2
32,46
B001CXLSSW,0
10,11
43,8
2,25
30,41
16,40
31,9
34,16
36,23
B00BC6036C,0
1,7
49,45
43,7
32,42
B001BS98N0,2
15,30
6,32
37,17
39,21
33,49
2,48
13,42
22,23
31,15
30,40
19,37
B000UUBFZY,1
32,19
39,30
5,22
25,7
25,21
18,48
47,7
41,27
7,24
B000NMBLDU,1
16,36
49,2
48,32
48,14
16,13
16,24
35,21
11,35
22,14
32,42
0,32
9,27
26,47
15,37
11,23
33,9
0,1
44,38
15,34
35,15
15,39
45,21
28,17
41,8
29,38
22,26
10,5
39,47
31,16
46,35
41,46
3,32
26,18
35,7
36,24
40,37
38,44
18,29
38,4
23,19
11,13
19,33
47,40
21,47
15,18
47,23
2,2
40,39
37,49
33,7
39,25
1,39
17,14
46,15
17,28
10,47
9,21
37,17
47,9
25,32
19,29
21,40
12,2
0,41
28,3
45,47
33,11
15,11
3,10
23,49
33,34
41,12
4,38
10,11
27,16
26,29
40,37
39,20
20,38
1,34
15,32
41,1
32,31
26,40
19,33
11,37
25,10
30,34
21,48
9,16
14,42
29,44
37,40
32,49
18,23
19,7
31,16
47,47
43,48
39,44
6,39
49,21
35,49
12,30
21,17
35,42
42,45
34,47
21,13
40,24
39,11
23,23
12,43
14,44
20,33
41,38
18,25
47,3
9,16
33,47
45,17
42,23
20,32
28,9
1,18
29,26
32,38
42,34
15,24
48,42
29,1
24,35
38,46
40,36
17,33
6,40
6,6
48,11
42,40
17,33
2,25
23,12
15,37
43,45
34,1
6,43
33,20
40,17
25,38
34,36
46,17
0,26
35,45
12,30
17,4
0,24
7,46
30,39
29,17
24,43
30,23
26,4
24,1
22,1
0,19
5,27
11,31
9,31
9,34
25,39
15,9
6,5
37,19
20,30
1,40
19,4
24,47
0,14
1,19
33,32
33,15
10,36
34,46
49,26
9,33
39,33
7,41
43,32
19,6
15,24
7,32
41,15
5,44
45,24
31,11
29,41
28,36
21,30
7,15
29,38
33,45
12,13
17,33
3,26
4,43
40,46
21,3
46,39
33,9
24,20
38,46
11,10
12,45
41,13
0,47
10,19
0,43
18,9
19,34
29,44
0,47
45,26
26,16
21,30
28,10
45,23
8,44
12,42
34,32
43,48
19,13
24,29
22,49
44,25
33,5
46,44
10,36
26,46
27,44
29,47
47,18
14,40
9,2
16,36
35,13
32,2
13,35
0,15
0,24
15,31
33,9
38,29
16,48
24,26
46,45
18,23
39,33
36,49
9,11
31,20
16,46
35,48
13,10
28,41
44,40
9,24
43,41
2,18
29,24
31,24
41,49
13,23
42,43
1,29
36,0
40,27
6,18
13,18
33,29
5,33
7,27
34,13
49,7
46,13
37,0
47,9
10,38
46,14
16,28
21,23
28,10
36,2
12,5
6,42
0,10
0,19
13,38
15,35
1,36
11,7
49,43
19,13
36,33
40,20
24,39
47,0
5,45
11,39
20,0
38,38
45,46
45,10
40,7
32,40
23,39
34,43
28,13
34,28
3,7
3,37
9,42
8,2
17,0
32,39
32,48
13,3
32,3
29,15
31,18
13,34
29,2
45,5
23,6
15,29
6,30
8,0
16,9
12,25
37,28
19,13
1,32
27,37
30,41
28,41
42,3
49,49
22,39
1,16
17,2
5,30
43,22
20,36
45,48
11,5
21,22
33,9
49,41
18,32
29,40
12,36
41,24
39,39
20,5
36,7
31,48
24,36
25,46
45,26
31,21
4,31
8,35
31,20
45,33
10,39
23,32
33,7
48,23
17,23
18,40
34,10
16,30
42,5
40,48
2,22
30,41
36,4
48,34
5,15
49,11
24,46
48,48
29,45
41,42
15,24
6,17
48,18
23,25
7,21
36,11
43,43
17,38
36,29
18,14
35,20
32,23
36,37
12,22
38,7
45,42
4,13
35,11
21,46
7,29
31,31
45,34
16,48
48,12
3,14
40,17
12,8
0,9
12,16
27,19
45,19
26,19
17,12
39,36
40,46
3,28
19,27
31,17
10,35
20,33
38,38
26,6
43,38
48,9
33,12
25,44
45,41
22,19
0,43
13,47
29,43
42,39
11,3
34,13
0,47
18,21
13,20
21,34
12,5
25,48
34,34
36,46
15,27
8,16
3,32
32,12
12,40
38,6
31,5
28,43
29,35
41,26
46,32
33,39
42,46
12,28
13,27
42,4
21,25
3,19
43,10
22,41
36,44
6,37
24,3
41,36
25,14
24,34
47,40
41,10
35,49
38,49
34,23
47,46
3,8
40,10
2,30
7,42
40,2
22,18
23,20
17,7
30,12
34,18
38,48
15,43
34,16
30,49
33,31
21,5
37,3
19,1
12,21
17,43
7,14
41,29
4,3
12,33
33,30
8,32
49,22
49,16
10,40
11,10
23,34
10,10
20,36
21,18
14,3
30,19
49,2
17,16
31,31
18,29
37,49
35,26
48,5
9,7
13,22
48,39
43,18
24,18
3,38
19,17
47,6
6,4
30,25
33,11
47,6
18,19
23,27
12,23
0,33
3,24
12,21
24,12
17,25
41,16
19,19
30,21
29,34
21,1
19,16
32,23
32,26
40,6
49,9
36,22
27,31
36,24
25,23
26,46
13,8
26,28
27,42
18,27
10,42
0,23
28,38
7,36
22,31
21,43
5,20
46,29
43,37
30,11
18,45
1,32
38,32
31,39
49,26
11,9
6,0
8,39
40,14
36,2
48,13
27,46
22,34
36,1
23,7
4,18
23,36
23,39
8,32
9,27
21,36
38,20
24,32
45,0
16,14
43,48
23,24
27,10
25,6
15,10
14,6
8,0
24,30
43,6
31,35
3,48
29,25
40,43
9,35
32,18
36,22
29,1
15,42
39,21
24,39
39,47
36,34
2,22
41,0
37,13
41,34
47,38
28,29
16,2
21,15
48,20
33,9
3,37
48,14
19,9
39,23
3,26
43,15
3,31
33,41
38,25
34,42
0,37
31,40
23,16
12,12
49,13
1,39
19,43
9,24
17,21
31,41
39,18
11,41
43,31
41,22
22,6
26,47
37,38
25,31
28,2
49,5
40,28
39,26
11,21
26,14
32,4
9,16
28,10
23,43
13,23
39,35
24,34
19,29
20,45
26,49
44,38
13,28
39,4
44,24
6,5
44,15
45,34
31,16
31,44
12,17
26,40
9,7
3,25
49,1
39,47
4,9
33,24
40,31
16,27
10,26
5,48
28,35
26,45
6,34
5,34
24,29
46,37
43,9
6,33
46,9
18,27
40,16
41,32
20,13
15,0
47,35
7,36
21,14
37,35
21,11
26,35
3,12
42,41
13,41
10,47
44,26
47,27
5,38
3,30
3,18
34,48
4,2
4,2
16,23
17,25
26,11
20,0
38,6
35,44
19,28
14,5
27,42
28,26
30,34
19,33
22,40
1,38
46,39
11,45
44,34
29,28
43,29
44,7
39,37
25,21
40,40
29,15
6,49
1,9
33,17
4,25
8,23
22,11
49,27
22,18
22,45
31,24
27,32
15,3
24,34
32,21
41,40
44,9
1,24
33,31
8,9
14,14
15,11
43,33
6,31
4,6
7,13
33,15
17,9
47,7
27,37
38,43
18,13
4,8
22,7
29,7
0,9
0,8
9,11
10,15
27,43
11,23
30,44
23,43
15,8
48,35
26,0
13,46
37,27
18,14
14,30
13,34
48,36
22,14
1,44
33,44
21,22
32,16
25,4
6,11
34,36
47,22
39,22
32,21
34,26
13,19
20,29
34,11
26,22
1,26
5,16
6,37
23,31
16,23
29,16
40,16
1,2
49,24
39,31
30,13
37,3
28,27
36,22
42,40
34,16
38,27
23,23
11,3
31,20
36,34
46,34
36,36
30,4
37,24
44,3
11,10
28,0
2,4
26,18
18,48
5,21
6,16
25,27
0,39
4,38
21,17
20,24
18,15
17,29
49,13
8,20
6,12
48,41
9,0
17,26
6,14
42,1
16,18
1,19
8,10
30,2
28,3
18,46
33,22
45,40
6,10
5,17
24,29
39,47
26,27
27,12
39,31
36,49
11,24
35,41
27,38
35,10
38,14
37,3
29,45
1,19
12,23
14,16
3,10
26,39
2,22
8,4
39,23
11,30
28,36
39,13
26,26
18,27
30,15
13,41
32,5
21,1
0,13
30,23
12,7
30,43
12,29
15,38
4,49
49,4
36,15
33,14
31,3
30,48
39,13
42,14
38,29
36,27
2,14
47,21
43,5
39,18
12,26
7,6
48,39
43,4
48,41
37,48
7,1
32,18
48,19
23,5
15,17
44,21
19,22
44,0
2,41
36,33
31,14
20,47
17,3
24,29
8,38
27,41
18,37
44,23
2,10
8,4
43,16
3,32
22,9
23,48
11,42
49,32
47,35
10,29
27,11
20,1
44,4
25,17
30,2
16,6
49,0
15,5
44,17
15,27
38,25
18,40
38,15
35,36
25,38
28,46
30,8
43,25
7,38
22,37
31,45
3,44
26,34
47,43
42,43
6,19
16,41
28,10
31,33
7,24
38,44
20,35
24,10
11,20
27,12
40,39
20,43
46,43
11,12
41,8
49,37
6,18
41,37
15,40
15,26
21,29
15,5
45,10
23,6
26,12
32,7
11,33
36,11
22,6
7,42
17,10
1,28
45,1
32,7
14,47
13,45
9,6
11,3
29,34
11,10
14,28
20,36
46,38
6,4
49,15
14,39
31,2
46,43
17,9
16,35
39,43
20,45
42,19
45,49
32,37
39,42
12,19
18,28
36,38
25,20
47,33
21,35
18,8
7,48
10,26
48,25
12,22
49,10
13,16
42,21
1,31
31,4
1,22
42,10
35,25
7,32
19,27
30,49
20,26
40,14
7,22
11,2
13,47
38,49
48,0
16,3
44,27
20,13
15,14
20,38
13,8
14,19
19,48
21,6
39,18
46,6
38,24
12,20
4,2
23,28
32,0
38,17
26,34
48,21
22,47
41,29
12,12
20,34
14,47
29,26
8,29
15,30
18,12
3,39
4,19
26,19
7,3
12,43
46,23
34,7
42,23
20,49
9,36
38,18
23,44
11,3
12,44
42,37
32,46
39,11
12,15
49,47
4,42
21,49
36,23
16,16
31,49
4,48
33,20
31,7
36,20
44,12
31,24
33,11
46,44
30,34
17,38
49,43
30,37
47,45
32,15
25,27
11,42
26,41
44,45
11,18
34,27
3,47
43,41
49,6
36,22
25,14
3,42
2,49
33,45
39,0
28,36
4,10
13,7
17,8
10,11
31,48
13,24
7,0
37,15
27,41
21,23
36,46
3,15
15,33
3,6
27,48
49,0
21,16
1,15
2,14
48,47
1,44
42,12
15,9
43,28
27,31
32,41
28,8
40,27
18,1
21,13
24,29
2,7
40,2
38,4
4,16
21,29
35,21
42,13
37,4
24,29
31,28
16,10
30,8
23,37
48,18
0,19
20,40
49,8
15,47
1,32
0,39
37,15
15,37
17,42
25,15
28,7
5,2
43,23
3,14
17,28
17,25
34,12
24,24
14,39
8,38
12,2
12,32
0,4
40,31
7,12
0,31
3,21
7,9
47,25
4,26
33,44
39,26
32,36
37,45
48,47
25,18
14,32
9,45
36,26
46,26
25,8
13,42
28,37
23,42
3,26
42,33
42,47
20,11
17,33
36,28
43,8
20,40
2,22
9,35
6,13
18,15
44,18
23,30
4,29
39,30
8,35
12,9
31,43
0,49
35,17
30,25
43,48
24,30
0,28
15,0
39,43
42,39
48,43
10,49
13,29
38,41
34,43
15,0
31,18
43,16
22,29
22,31
9,4
40,15
14,7
15,32
1,15
38,4
32,24
25,29
19,1
39,23
47,37
22,0
2,35
43,6
47,24
3,2
38,36
20,4
7,22
24,11
6,39
16,47
30,23
13,7
23,4
22,46
41,37
12,5
35,7
48,8
13,43
6,11
20,28
33,47
48,14
21,47
45,35
1,33
35,49
13,7
29,32
16,15
28,15
14,25
44,29
44,32
14,2
26,43
3,0
0,25
19,17
45,37
45,12
47,3
34,23
0,35
22,3
3,23
16,17
11,11
49,25
8,35
13,24
15,0
16,48
3,32
46,10
28,7
32,24
17,14
13,35
37,23
18,10
10,30
28,48
8,45
1,5
15,15
2,6
30,36
23,41
47,40
30,10
42,17
40,17
9,8
3,2
30,25
7,25
41,14
6,32
7,47
5,1
29,45
28,41
15,0
41,16
22,3
24,41
14,9
37,24
27,42
0,5
3,47
40,29
31,32
17,47
41,38
47,4
35,10
30,7
41,9
13,15
4,33
18,12
37,7
48,21
8,36
40,37
33,44
31,18
36,24
42,38
36,21
29,25
48,22
24,6
14,27
14,10
3,29
39,46
32,24
0,38
8,34
30,28
9,18
39,12
16,27
49,42
11,28
2,9
42,2
37,2
47,39
15,49
12,35
30,37
44,20
7,6
30,4
47,24
25,29
35,28
35,14
33,10
2,24
40,40
26,2
27,26
17,7
13,18
41,24
3,6
9,43
15,31
10,8
40,5
37,5
5,46
5,1
7,27
40,29
47,20
48,44
8,28
13,36
31,24
9,33
36,32
43,3
12,45
47,41
37,46
26,24
1,18
8,1
21,33
10,7
32,11
14,14
25,46
23,30
38,7
18,17
28,28
17,10
37,32
45,49
28,17
9,33
17,36
12,5
7,39
37,9
0,48
6,48
19,9
25,36
27,9
37,5
48,48
35,0
45,37
0,33
38,40
13,48
12,8
41,38
0,46
14,35
13,1
36,25
42,24
0,37
16,37
14,31
4,30
48,30
34,43
40,12
26,24
48,29
13,9
25,43
35,22
30,12
19,28
40,35
21,43
19,47
20,15
8,48
43,40
44,46
23,45
19,1
33,46
45,4
20,6
26,29
44,2
0,27
2,6
16,15
15,7
37,40
26,46
41,39
30,33
8,42
40,21
7,17
37,37
23,9
23,38
10,47
27,24
19,35
47,27
44,22
22,23
9,25
49,4
5,49
1,15
2,17
9,20
44,32
36,1
1,18
40,13
36,33
45,33
26,23
35,3
42,35
39,22
21,32
48,41
26,13
4,36
19,48
11,29
26,19
23,13
23,4
4,41
34,40
15,2
22,37
40,36
36,35
46,1
43,5
12,22
9,22
10,17
23,41
28,16
13,33
18,0
28,33
38,2
33,13
34,45
2,22
6,17
26,16
25,32
0,42
4,18
28,2
46,27
44,5
13,17
30,38
28,26
34,33
2,7
39,28
46,30
4,34
40,10
36,17
38,28
47,31
43,40
24,16
28,31
7,16
6,20
8,35
0,38
10,15
1,31
25,8
23,3
7,7
33,45
22,49
23,5
33,14
22,21
37,9
3,33
45,30
7,9
11,2
42,47
37,44
15,29
41,1
48,34
3,33
27,25
43,28
40,2
12,25
19,44
40,27
18,6
49,6
15,7
18,20
47,24
26,26
10,1
6,10
16,47
23,11
28,44
33,17
46,30
39,33
19,26
13,42
39,7
0,24
3,21
45,41
35,1
0,8
15,17
37,43
21,24
27,9
16,41
23,16
34,29
13,38
42,17
20,27
22,32
10,47
31,45
3,49
1,4
9,6
12,1
14,8
25,15
48,30
42,28
42,2
14,28
9,34
40,45
21,18
32,0
39,48
27,5
12,11
14,2
21,39
10,32
19,2
32,4
9,3
29,43
40,45
40,38
17,48
40,1
48,2
28,36
2,37
10,19
1,21
40,11
19,15
33,32
16,47
38,16
45,41
5,38
40,46
26,44
41,5
48,25
43,42
32,29
20,20
42,1
44,28
17,47
27,23
25,43
9,31
33,31
29,37
32,29
47,2
26,28
30,41
23,42
38,0
27,35
36,34
14,18
5,22
40,0
27,44
37,32
40,37
36,39
30,7
47,9
3,21
4,17
20,15
46,24
31,29
29,15
2,17
0,4
28,45
2,28
0,2
32,31
5,34
30,1
49,22
17,21
42,36
39,10
37,11
47,39
4,6
42,9
39,33
14,23
35,5
3,29
36,35
42,16
25,46
22,6
3,20
14,13
22,26
46,3
29,44
8,42
46,8
38,40
39,48
33,40
20,19
18,1
0,23
33,16
29,35
17,30
47,11
16,29
3,44
35,17
6,42
5,15
48,10
15,23
13,14
1,30
7,15
5,13
1,14
6,45
37,28
10,40
6,21
17,5
11,35
14,31
9,42
7,14
40,31
43,46
33,33
25,8
34,16
11,6
12,9
35,41
6,41
34,9
35,27
18,33
44,39
43,27
22,21
16,37
5,2
15,31
36,6
44,6
25,5
43,39
49,28
34,23
38,40
37,6
25,25
16,42
19,5
34,40
37,27
23,22
17,37
8,16
9,47
38,39
27,3
33,27
2,35
24,27
36,34
16,22
27,39
47,34
45,4
9,1
5,46
37,10
47,21
45,25
45,20
47,44
26,24
48,38
28,20
28,45
30,9
24,3
29,15
1,2
8,9
25,10
20,19
5,20
43,43
0,16
21,25
3,3
49,27
8,0
36,6
18,25
47,24
29,23
12,17
7,0
25,49
36,30
17,15
28,24
18,18
23,49
4,24
19,38
32,5
23,33
37,33
22,26
1,1
11,25
46,40
43,28
44,17
23,32
40,20
43,4
28,33
11,38
27,32
22,39
22,23
24,15
2,23
3,44
40,3
48,26
11,32
43,41
40,22
23,44
18,3
38,20
5,40
25,43
31,47
6,10
45,42
28,27
8,46
0,19
40,27
46,25
24,39
8,18
41,2
28,1
25,10
21,16
17,26
21,12
7,43
33,4
14,37
30,14
16,38
21,38
21,25
7,3
25,45
49,44
44,46
3,30
38,42
49,21
44,18
29,26
23,48
47,23
10,47
36,24
16,28
14,19
11,44
42,16
36,6
32,4
33,3
17,28
26,13
47,5
34,35
38,30
12,38
37,16
29,40
38,38
18,33
33,8
22,41
17,5
10,12
9,5
10,17
16,28
2,8
31,16
21,10
33,0
8,31
18,21
26,43
47,6
21,37
33,0
36,19
47,43
14,45
5,6
49,47
46,44
1,22
33,39
13,9
32,41
16,10
44,24
16,35
2,17
45,9
19,1
49,43
31,38
3,16
33,2
4,4
28,28
44,25
21,16
6,27
34,31
8,37
20,16
9,6
20,18
15,40
13,11
7,16
19,18
30,9
21,42
47,37
4,41
24,27
20,48
12,27
14,39
33,24
18,41
31,49
7,10
7,34
27,1
36,37
36,0
28,42
19,48
42,25
27,18
48,37
41,13
24,8
20,10
9,47
46,13
4,38
3,18
42,2
47,21
36,32
22,18
0,30
48,12
21,11
42,4
49,21
2,9
16,7
30,35
41,14
43,26
22,7
3,22
34,16
46,47
20,4
47,38
36,32
14,36
40,20
19,21
26,39
5,13
11,2
11,16
47,36
49,20
36,17
7,0
4,25
45,45
34,6
29,38
2,36
39,16
17,44
33,20
32,3
49,10
27,24
22,20
30,9
11,44
21,5
28,7
31,16
30,48
11,42
26,12
41,35
4,18
38,8
36,18
7,7
22,17
21,30
35,10
5,11
23,37
41,5
3,4
26,6
9,23
4,37
44,18
41,41
31,32
4,27
41,47
32,11
6,25
39,43
47,18
5,2
47,31
47,11
22,22
44,3
49,31
49,25
0,18
44,35
2,31
29,30
21,10
21,19
15,31
46,44
0,7
23,32
4,0
45,29
10,22
20,16
49,6
31,15
25,22
45,7
35,1
12,14
4,38
49,0
17,36
17,23
11,18
0,18
21,18
16,48
17,48
41,37
21,26
1,43
48,36
26,36
0,44
10,29
8,14
20,8
6,32
4,5
35,5
21,22
30,49
22,7
30,33
34,18
23,17
7,11
33,48
18,3
11,27
43,6
30,36
47,41
30,33
31,17
12,49
4,32
19,28
36,38
30,22
6,1
13,40
33,44
0,26
14,6
47,10
36,30
29,47
43,48
10,36
34,26
39,27
35,32
7,41
46,45
13,29
43,24
26,16
43,32
36,8
47,37
28,39
22,32
1,26
35,35
29,31
11,43
6,47
11,32
4,24
38,10
27,36
48,14
37,22
41,17
1,45
34,33
24,47
43,27
19,9
48,1
42,37
2,19
47,34
16,5
45,38
20,8
9,34
11,1
14,33
17,46
24,36
26,34
12,22
36,9
42,4
47,38
12,30
19,23
19,47
18,9
20,27
36,48
42,29
7,27
17,4
41,38
32,25
16,5
36,44
24,49
0,22
11,9
36,22
28,13
11,35
36,24
11,6
2,26
6,47
20,32
17,8
18,49
39,39
9,14
42,42
16,42
3,1
5,37
12,46
19,28
33,30
42,34
41,1
38,46
12,30
1,24
21,42
37,31
48,18
14,37
22,42
35,25
14,3
36,22
28,20
23,31
34,23
15,7
27,18
28,49
18,36
4,14
27,43
10,25
21,17
40,26
8,14
43,19
4,38
23,13
29,18
23,28
37,33
48,37
35,30
32,23
29,19
6,28
7,43
28,41
23,37
38,22
24,3
44,15
21,30
25,21
2,36
23,26
22,10
2,20
1,38
38,23
36,11
47,38
47,22
8,35
12,7
33,4
42,49
2,23
40,7
47,36
45,6
40,27
26,25
48,49
44,29
26,2
39,38
18,40
14,19
38,28
21,30
48,38
12,8
8,10
19,27
8,14
2,45
16,43
7,47
25,48
4,42
34,16
1,44
0,6
5,46
17,44
23,14
43,42
4,40
25,11
3,14
32,0
30,18
49,31
27,0
40,11
21,16
7,0
32,37
18,20
44,40
21,12
4,9
9,20
32,16
47,28
17,13
44,42
39,31
49,22
12,27
6,41
24,24
33,35
24,3
45,47
17,21
26,2
11,34
47,0
28,40
15,1
15,38
0,7
13,36
13,10
34,15
42,42
34,28
45,32
6,45
6,37
33,17
14,29
40,30
20,45
9,30
3,49
18,21
26,39
39,15
19,30
45,28
21,4
17,6
2,12
37,19
44,4
34,5
27,28
27,18
4,21
37,21
8,20
12,33
13,6
32,22
38,45
2,11
8,15
37,21
40,30
32,15
39,44
44,32
43,11
27,7
26,28
24,31
30,33
25,49
5,14
22,22
24,2
10,45
0,21
33,4
26,46
33,32
30,27
35,41
38,29
19,5
20,6
21,35
30,25
14,27
32,20
27,17
13,0
4,32
24,10
37,21
3,21
0,47
41,34
19,43
24,25
28,21
43,33
27,19
34,16
0,24
23,2
28,25
11,46
4,9
16,18
3,17
31,25
48,24
21,23
34,23
37,2
2,25
12,10
14,33
28,15
37,45
27,5
7,11
28,8
0,17
15,12
44,37
10,14
4,16
20,4
6,36
41,17
25,48
32,41
4,21
38,30
46,23
9,2
19,47
9,45
11,41
45,6
27,22
20,30
25,14
45,39
13,4
22,33
28,49
6,40
4,11
6,37
26,27
14,40
26,36
8,20
27,47
3,36
16,42
31,6
17,29
46,36
25,3
12,21
22,2
43,39
12,14
42,5
35,3
37,13
22,22
8,2
28,45
43,32
39,37
13,43
16,44
28,40
46,30
9,17
44,17
36,22
40,4
30,17
48,37
29,26
20,49
45,8
36,3
48,0
33,15
46,6
41,15
49,19
18,38
4,46
30,30
35,12
9,46
18,9
19,14
46,49
23,21
7,19
30,38
27,39
30,41
28,28
32,10
38,1
2,27
19,35
36,21
7,29
8,2
41,43
48,47
49,4
11,0
9,37
10,0
27,25
17,39
43,48
22,10
16,28
2,12
11,43
39,41
28,5
33,42
41,47
33,37
26,33
20,3
27,43
22,25
27,40
29,3
26,43
2,22
4,14
12,20
13,8
48,45
17,22
20,27
29,19
24,19
36,12
19,49
10,2
24,12
46,42
25,28
27,47
12,23
17,8
31,14
5,23
35,16
47,46
38,1
17,9
29,33
15,8
48,0
19,48
23,44
41,9
46,40
29,19
15,6
34,16
32,26
34,34
18,35
4,1
7,12
23,26
5,29
42,37
41,46
24,19
40,30
5,4
3,41
26,44
15,7
38,29
37,48
39,9
38,16
15,26
16,24
26,44
9,0
1,1
9,41
23,2
6,15
11,27
43,23
37,39
1,45
6,12
32,16
34,28
16,13
36,23
39,16
46,6
39,2
17,2
29,31
38,39
41,27
22,27
1,33
36,27
26,33
11,44
9,37
11,6
6,16
3,0
48,36
36,41
25,49
6,2
15,29
37,1
47,25
13,1
38,42
19,36
34,49
15,26
49,25
34,27
47,7
35,33
48,22
29,32
11,31
43,34
7,41
2,11
48,18
35,20
48,5
48,5
45,38
32,26
1,10
3,4
38,40
11,42
42,35
19,28
47,39
3,4
0,28
49,31
40,34
43,24
6,46
6,11
8,25
35,9
39,35
22,11
23,7
44,42
10,19
32,30
7,30
13,34
26,26
42,22
35,15
45,4
46,19
11,7
2,40
22,47
7,24
25,2
2,21
37,23
36,2
32,14
30,23
26,12
39,11
49,36
24,0
36,36
14,46
10,42
5,23
43,8
8,15
3,28
44,20
19,43
49,43
35,21
41,22
1,14
40,44
44,45
19,7
39,25
19,30
1,27
28,43
16,33
29,29
9,47
24,2
33,38
35,12
21,30
14,12
21,4
24,35
11,27
27,44
35,46
38,12
41,32
41,30
10,45
42,30
49,44
34,34
34,26
1,19
44,19
5,20
9,42
45,40
37,42
49,45
14,31
33,25
48,46
23,34
39,28
23,10
44,35
35,33
7,9
43,21
20,46
12,46
24,19
19,5
48,41
9,13
31,19
26,5
39,48
19,39
43,15
12,10
41,38
4,18
38,46
33,30
3,0
29,43
10,7
35,16
1,32
15,43
24,29
20,20
22,6
49,17
33,22
8,28
46,15
25,41
46,37
38,8
22,15
26,24
34,40
10,26
12,36
36,22
6,35
41,10
35,32
42,19
0,48
20,16
48,33
12,49
31,20
38,41
18,16
40,32
22,41
8,0
32,32
23,32
32,25
23,35
48,7
12,25
9,37
24,40
11,22
32,3
34,30
22,32
17,40
35,15
21,4
29,42
23,49
1,26
43,32
3,26
4,29
1,15
19,24
42,3
25,17
4,39
5,32
19,37
48,43
2,15
25,5
46,26
21,6
28,1
24,3
36,24
19,11
38,44
37,28
23,21
10,7
12,38
23,40
19,2
39,32
12,2
25,20
37,12
2,35
12,2
1,10
44,39
36,16
2,29
46,5
1,10
28,35
41,41
46,41
28,22
10,28
3,16
16,35
10,28
42,5
22,15
38,0
39,3
24,46
34,36
30,1
48,41
13,41
3,11
11,47
48,5
9,4
40,18
33,46
10,29
17,49
3,42
48,35
38,28
31,0
32,6
43,33
13,32
43,2
18,44
46,22
12,29
31,5
26,49
40,7
31,7
7,12
1,29
13,2
9,14
42,2
32,38
6,39
45,27
30,22
26,44
38,31
0,9
26,2
19,29
9,27
11,8
40,3
36,6
11,17
32,16
38,36
17,43
41,35
8,3
16,15
30,14
26,40
17,1
45,14
47,37
33,4
22,37
32,8
34,38
33,11
18,42
49,12
22,21
10,33
30,16
35,1
7,44
43,38
38,5
34,21
45,25
45,8
0,0
23,22
43,44
39,1
36,0
21,38
6,41
22,49
44,32
11,32
38,4
28,16
34,30
11,48
33,44
20,11
23,16
15,24
43,18
46,39
36,35
28,9
33,10
33,45
15,30
42,19
26,6
30,15
0,36
28,24
42,35
15,49
16,43
34,31
1,23
16,13
44,27
34,21
9,44
4,49
49,12
16,22
29,23
12,38
13,43
29,43
33,11
26,1
17,43
25,2
48,41
49,10
43,0
9,37
31,12
14,12
2,14
10,12
6,42
16,9
9,31
1,18
18,1
47,45
28,42
46,45
40,27
8,22
43,9
1,44
47,7
32,46
11,36
20,12
19,24
29,33
28,37
48,5
28,13
17,11
43,40
6,9
35,46
21,49
9,8
3,41
28,17
39,31
36,31
29,3
25,17
43,22
19,40
25,9
25,17
9,33
39,14
3,7
13,49
0,19
6,49
20,27
33,27
4,39
3,34
3,9
7,0
29,20
29,35
42,20
10,30
24,49
11,19
46,28
12,29
34,34
34,3
6,42
6,46
20,40
25,28
19,5
43,12
25,31
48,46
25,40
36,14
4,36
7,35
41,25
10,26
14,0
37,6
22,19
26,24
36,43
35,49
35,35
17,39
22,4
32,33
5,6
7,17
8,44
20,8
2,0
4,48
15,17
1,40
26,9
1,30
9,26
15,8
27,27
34,30
32,35
37,34
38,36
31,35
23,31
24,0
21,26
10,10
26,14
25,40
44,29
46,49
46,21
9,12
33,9
43,48
4,43
32,0
41,9
25,7
16,35
7,7
33,33
45,23
27,1
39,20
3,12
0,40
8,30
33,13
1,4
43,30
4,37
18,20
47,15
2,46
27,38
18,12
27,11
30,10
11,36
25,40
13,34
15,39
16,20
8,43
45,10
40,36
47,24
29,37
46,4
16,1
13,35
40,41
26,22
33,16
8,42
4,43
5,4
49,31
13,39
45,25
21,28
36,6
12,7
43,49
29,37
6,34
26,46
49,13
21,8
33,3
21,30
27,11
5,27
23,49
39,38
8,38
33,42
8,10
48,12
17,4
15,42
33,48
25,7
35,30
34,34
9,24
30,2
15,22
35,18
30,43
37,6
19,32
41,48
35,9
0,14
34,44
16,24
5,40
15,30
47,32
25,20
11,48
24,39
21,10
39,0
12,46
1,43
49,15
23,17
11,39
39,43
30,11
46,25
20,20
32,41
31,22
20,3
25,17
9,9
19,20
41,9
40,33
38,17
4,41
49,35
46,38
20,41
29,34
5,8
39,33
4,16
23,10
46,26
26,24
46,44
41,22
15,20
12,42
20,1
28,10
18,47
24,17
26,44
7,13
33,8
9,46
40,15
30,38
48,39
9,8
41,1
35,32
3,34
47,0
14,43
23,24
34,3
15,41
48,3
9,30
7,29
40,25
18,7
31,16
26,1
6,11
31,10
45,23
41,36
0,30
39,23
33,3
22,46
37,49
8,10
14,26
32,12
17,29
6,44
2,36
33,0
9,28
35,15
48,45
24,21
37,26
8,29
30,12
12,47
33,33
49,41
26,26
20,26
30,7
41,26
19,49
3,28
13,4
22,28
46,8
40,32
9,41
44,31
23,43
29,0
21,6
43,0
35,2
44,4
24,3
31,12
38,26
0,22
25,7
23,35
0,45
32,14
48,42
28,20
24,9
31,44
12,23
3,49
47,37
11,39
16,2
15,22
44,25
29,11
21,36
35,40
6,2
48,47
12,45
29,10
33,40
22,0
17,18
5,27
19,12
43,27
0,13
5,0
36,0
26,19
24,30
29,25
32,7
47,24
0,45
18,24
28,8
14,5
20,4
16,6
0,44
17,31
5,18
38,40
16,1
10,48
5,45
16,45
1,13
1,20
15,45
46,9
20,23
39,30
14,12
10,36
42,7
37,15
47,14
34,44
36,34
19,38
10,40
39,46
5,26
13,1
42,25
18,10
30,37
39,13
40,49
10,29
14,5
45,23
24,28
46,42
33,0
49,28
37,26
41,8
39,0
18,30
49,44
41,28
8,8
42,27
18,33
8,29
30,20
25,38
15,15
5,36
22,47
28,33
13,25
1,13
32,23
44,6
12,15
5,7
41,8
14,2
14,40
1,26
32,10
47,37
25,49
44,7
43,1
6,29
15,38
5,38
45,16
38,8
0,23
27,24
49,20
7,44
7,49
32,2
3,44
32,36
14,7
34,1
38,13
5,48
17,42
24,37
13,17
19,9
12,47
11,25
10,15
25,3
32,33
32,18
7,31
46,48
3,44
42,30
11,35
18,32
20,21
32,24
5,48
49,10
31,21
48,32
45,49
30,35
23,3
0,48
17,27
38,18
43,32
9,38
7,6
35,8
47,28
44,9
33,44
6,36
37,27
20,8
4,20
38,13
6,4
13,28
10,48
49,9
2,34
30,45
7,10
39,1
24,16
8,34
27,31
49,49
22,46
26,5
34,41
31,43
8,42
20,25
31,8
41,40
43,25
20,8
25,29
26,35
3,4
9,14
45,6
41,38
29,3
41,10
44,41
20,16
34,46
33,22
9,19
31,28
48,15
36,49
45,27
32,18
33,31
2,25
15,19
30,48
26,33
2,0
40,24
29,13
11,41
39,39
27,46
5,37
43,29
23,4
14,42
8,13
35,3
12,44
21,16
18,22
30,23
23,7
20,37
19,15
45,47
22,21
27,39
25,22
20,48
19,47
41,25
30,42
47,22
20,29
47,17
41,47
36,19
48,39
34,39
40,49
0,11
33,22
3,32
9,40
43,48
37,22
34,17
11,25
48,5
1,32
22,22
0,39
14,43
22,45
1,35
15,39
33,2
44,21
5,38
40,12
26,4
7,4
43,32
10,17
1,29
18,23
30,36
35,23
11,38
2,25
1,21
14,4
5,44
38,44
17,35
14,21
32,39
42,37
4,28
29,0
44,37
46,43
25,32
23,42
11,33
38,41
14,37
9,49
44,10
29,36
1,46
20,47
38,30
12,17
44,31
21,3
39,48
22,43
0,38
48,29
15,15
40,39
32,19
6,16
48,49
46,26
7,47
28,27
39,39
46,22
0,45
21,14
17,36
13,37
7,1
43,45
10,25
39,39
37,26
15,14
19,31
47,28
9,34
41,40
45,15
45,40
44,29
39,16
29,25
12,43
0,26
32,40
26,31
36,15
23,6
0,19
3,27
35,20
4,1
15,19
36,36
14,36
0,41
3,22
7,26
9,27
9,44
15,11
19,46
38,45
5,47
19,0
6,44
7,31
37,48
40,7
10,29
8,24
6,10
24,26
18,15
23,11
8,13
10,11
0,1
19,12
25,8
42,7
15,15
26,45
31,40
28,26
18,21
6,14
49,18
29,27
26,48
32,20
39,41
1,37
38,38
4,14
27,29
43,10
41,26
3,17
3,30
37,27
9,18
33,32
14,23
32,31
13,49
49,24
41,30
28,6
49,16
47,31
34,42
44,16
27,4
35,49
42,10
35,37
18,22
26,48
33,30
3,46
39,13
48,49
10,21
41,4
36,8
31,48
10,0
31,9
25,46
7,31
46,18
44,9
1,19
40,42
19,5
20,20
22,11
28,27
12,32
40,26
31,36
48,43
11,39
49,16
27,4
12,7
44,8
34,16
14,3
46,25
22,38
36,49
8,16
3,47
21,5
31,5
11,35
1,16
9,35
38,37
29,15
21,36
32,42
9,24
45,30
19,37
24,3
23,28
4,38
11,13
44,15
30,6
9,4
11,41
36,39
49,15
46,29
20,21
16,45
11,44
30,8
24,6
22,14
32,37
3,12
33,46
22,6
13,18
41,45
21,20
24,43
44,1
5,47
4,22
45,15
46,4
47,49
46,44
46,18
25,23
30,17
19,39
15,10
23,35
4,35
8,43
25,35
28,29
37,42
43,45
46,21
19,12
7,29
1,37
33,10
19,33
21,43
1,21
14,44
30,40
8,25
3,0
22,33
9,24
6,45
44,34
31,35
20,42
0,9
0,34
41,6
22,34
20,15
9,15
47,22
37,15
41,35
13,13
38,12
7,15
38,17
37,43
34,13
8,0
35,43
47,35
30,46
16,17
20,48
29,31
44,24
44,2
32,44
41,15
14,42
26,1
29,36
11,47
48,7
25,17
17,13
48,0
25,32
21,24
20,46
30,0
16,47
12,3
28,19
34,43
33,47
18,7
37,9
24,4
49,25
46,27
44,46
32,43
47,0
29,38
16,20
14,22
25,33
21,28
24,37
1,28
44,12
35,33
2,20
12,22
33,26
19,19
23,27
39,24
26,13
18,24
14,25
25,27
26,34
44,16
12,12
23,2
49,39
11,24
5,36
14,19
11,3
10,22
15,12
47,35
34,23
6,37
35,34
22,43
10,37
14,21
36,44
34,16
1,44
16,6
10,48
8,7
42,16
17,6
34,42
25,27
44,48
21,40
34,19
20,9
45,32
35,24
49,35
32,42
24,24
8,43
26,30
18,25
22,5
32,40
46,48
0,40
20,47
47,31
49,32
4,39
39,49
21,42
44,22
34,18
30,13
17,37
14,31
3,11
39,46
45,46
16,5
5,20
15,22
22,23
37,13
34,44
48,27
0,34
28,37
34,12
16,27
47,20
30,36
48,3
15,45
26,8
38,44
15,33
29,36
36,3
37,15
47,33
37,5
6,31
23,16
25,32
10,33
26,49
27,46
29,45
45,35
19,45
37,33
43,25
46,15
21,32
47,2
6,3
20,6
45,25
13,46
16,2
39,13
38,44
21,47
12,1
22,39
44,22
34,46
0,25
37,13
34,19
49,20
8,41
25,15
29,1
5,30
5,33
3,49
30,30
28,34
6,6
18,47
17,29
3,46
32,47
9,40
35,40
2,18
25,1
42,29
1,42
49,41
20,25
14,7
4,28
2,28
27,2
44,16
42,7
27,18
18,29
6,32
21,40
9,33
11,24
7,47
28,42
24,38
46,44
0,36
47,31
13,7
17,1
26,27
41,35
38,31
30,27
4,22
44,22
24,44
35,12
12,14
22,6
25,13
17,37
21,23
47,44
23,16
45,21
42,3
48,4
31,12
31,35
10,45
29,15
32,29
42,45
2,14
36,42
6,32
17,31
46,5
25,7
28,40
39,8
43,10
4,19
45,17
9,34
18,7
30,32
45,37
35,14
49,31
45,39
4,20
24,4
34,0
17,35
24,27
0,6
31,2
17,41
14,36
9,40
0,28
4,17
10,23
23,37
7,39
41,49
39,41
16,49
8,33
41,33
41,0
26,8
7,41
14,28
48,12
7,43
17,16
48,19
44,49
11,41
1,18
19,46
14,25
36,22
46,25
19,23
26,28
40,4
47,40
16,47
36,7
28,1
6,37
8,10
7,34
38,33
48,1
23,39
30,20
2,9
29,46
26,26
9,49
32,48
33,3
3,27
1,39
4,10
39,36
24,26
48,27
18,34
10,42
37,18
3,17
34,33
24,26
31,12
29,24
13,40
18,44
44,15
11,2
16,43
24,5
14,13
19,47
23,7
23,31
35,44
7,35
15,2
32,17
47,34
23,18
24,28
47,14
30,46
33,17
5,10
48,49
20,37
48,16
26,30
7,1
27,33
1,31
42,20
14,21
49,42
37,48
22,5
8,3
19,16
26,17
32,35
41,28
31,41
46,19
23,34
27,46
15,33
48,29
36,45
19,27
43,34
45,24
10,43
35,35
17,42
44,9
34,2
11,36
8,39
34,28
31,35
0,1
31,35
6,48
3,25
22,2
37,37
38,28
31,14
7,13
48,49
21,11
20,23
4,32
17,42
21,14
4,11
22,4
7,35
14,37
16,20
26,44
37,45
33,14
38,6
36,35
0,6
26,34
49,32
16,44
41,11
23,18
29,38
37,29
11,24
12,32
18,42
40,43
34,39
40,47
2,15
0,25
41,42
34,31
24,30
19,22
39,13
4,24
38,28
34,10
29,38
43,20
26,0
48,1
7,41
0,25
4,43
22,24
33,6
27,38
2,27
37,12
15,48
9,40
0,10
25,23
45,38
32,48
38,4
3,12
36,14
35,40
18,15
39,6
27,1
8,30
21,19
34,2
12,17
1,30
38,22
48,17
27,29
15,10
4,18
43,49
12,9
18,39
19,9
21,47
8,29
49,32
36,24
26,7
20,26
46,40
9,42
16,3
21,27
41,47
33,40
44,10
25,20
6,31
1,37
32,17
20,0
7,28
47,8
21,34
18,19
21,8
18,30
32,39
25,23
16,18
30,7
11,22
37,26
43,7
43,8
21,43
40,34
41,35
15,38
39,27
16,10
3,28
8,20
2,23
2,20
22,41
12,1
17,5
32,40
20,44
7,1
40,5
22,16
49,34
18,14
43,22
39,28
19,14
6,5
4,31
42,31
36,1
4,8
12,3
4,39
9,10
26,28
15,5
7,24
22,40
3,16
17,19
13,31
14,6
17,35
25,23
42,11
7,15
14,44
36,44
34,20
10,27
22,2
42,40
5,27
10,3
30,4
47,6
40,11
43,2
22,0
38,30
19,21
4,42
38,25
10,10
34,23
14,34
21,29
19,30
19,28
39,36
15,22
34,4
20,33
39,23
9,38
3,12
33,6
15,32
1,12
20,12
41,29
34,33
32,41
8,39
1,24
12,28
45,42
4,33
27,10
29,42
22,11
48,8
15,40
4,6
14,2
34,11
32,32
43,6
48,17
15,40
25,48
26,39
15,35
1,11
9,12
5,15
48,17
0,42
42,32
34,13
28,15
7,21
29,24
41,17
38,3
38,41
5,43
11,14
24,25
43,11
14,21
35,21
3,29
23,36
14,13
46,35
49,18
32,8
31,31
32,17
27,2
31,4
3,9
38,43
3,42
34,39
30,45
4,34
13,41
45,13
33,15
43,29
6,29
23,46
38,33
9,47
4,21
4,40
27,43
12,47
37,15
8,0
46,5
24,29
14,15
31,17
37,45
49,27
25,37
20,33
46,33
17,0
26,43
7,5
9,34
23,33
29,17
42,12
46,10
28,25
13,44
16,26
30,5
2,48
4,40
20,30
39,41
27,20
4,41
25,37
41,16
26,46
19,38
8,9
47,26
49,21
40,31
36,20
23,39
41,5
40,19
1,27
49,42
19,2
19,37
8,17
27,24
39,1
15,35
24,9
35,21
13,15
17,8
29,8
11,34
11,45
31,39
25,11
9,7
1,1
37,40
36,49
47,0
22,18
6,38
13,2
12,42
21,2
43,26
27,42
24,15
18,31
1,45
37,38
39,17
14,33
46,30
2,49
41,4
11,39
33,33
13,7
49,43
9,29
15,19
17,4
3,18
16,33
11,24
46,34
10,21
33,21
47,25
15,48
0,43
46,15
23,13
20,15
34,24
27,8
12,49
2,21
5,17
16,46
2,14
4,28
47,3
4,2
6,43
11,8
24,28
49,30
4,2
9,28
29,43
8,48
15,19
26,9
38,34
1,5
7,28
3,12
4,38
33,26
22,39
0,27
46,7
49,16
29,41
27,44
30,9
13,0
37,17
33,2
17,3
47,0
3,32
32,6
37,1
5,4
45,1
14,11
24,48
49,17
11,3
10,1
42,26
37,48
29,44
22,40
44,6
17,27
44,40
5,20
48,22
35,9
33,16
42,20
31,9
40,26
43,28
28,39
24,5
28,37
26,45
14,2
23,20
46,31
14,40
37,5
22,40
41,25
19,33
13,21
31,45
30,14
13,10
2,49
38,23
46,34
43,44
17,5
3,46
44,2
24,12
4,17
36,3
28,41
5,15
25,5
4,33
35,24
10,26
3,15
8,15
35,39
10,33
5,40
40,28
23,6
16,27
36,38
6,16
17,2
7,29
16,36
42,31
7,6
30,30
19,18
46,41
39,7
28,5
0,31
31,21
2,7
28,15
4,21
24,41
38,10
46,15
17,32
2,15
29,29
4,2
44,14
4,16
32,35
39,38
13,20
46,44
2,40
15,32
47,6
15,34
29,8
43,14
30,1
43,44
18,32
47,32
11,33
49,32
43,20
40,38
33,25
13,23
31,18
1,48
31,5
38,5
5,41
21,8
5,5
41,16
29,35
18,22
24,0
46,11
32,6
1,27
46,43
46,42
40,46
29,31
42,23
11,31
5,36
19,27
14,25
10,27
0,5
10,48
33,15
25,12
42,18
5,29
16,17
39,4
32,18
21,36
25,4
29,22
27,10
19,21
17,46
5,40
45,41
37,1
31,40
15,34
12,43
45,18
32,20
0,23
31,43
33,13
14,44
5,35
12,5
33,27
6,10
9,9
48,33
8,1
29,1
39,9
42,29
40,45
0,46
42,21
19,6
18,14
32,30
5,27
13,33
6,41
39,39
24,39
49,18
9,16
37,26
45,20
18,35
32,12
42,1
19,46
19,25
6,3
3,28
0,17
6,23
16,47
47,1
27,38
30,5
1,14
1,42
0,12
27,16
11,21
20,35
36,3
46,33
23,40
21,0
18,33
45,6
5,11
11,22
43,29
44,24
41,27
41,42
44,40
42,42
36,16
36,4
17,10
14,37
12,49
45,40
21,28
9,13
6,9
20,34
40,3
3,32
17,44
20,43
37,37
40,2
34,37
8,47
36,14
13,28
42,13
44,29
9,13
25,15
37,28
21,14
15,48
46,20
48,11
5,38
9,46
45,1
4,49
8,1
30,18
28,36
21,22
14,27
25,23
3,12
49,22
19,15
24,49
14,20
10,12
18,42
36,1
13,41
11,16
34,37
31,43
32,11
3,10
41,42
23,39
48,18
9,5
16,23
46,40
25,29
21,13
49,38
34,31
15,37
45,24
10,35
42,35
28,23
47,35
6,1
28,17
18,10
4,19
3,38
49,1
38,30
38,30
19,21
29,13
34,22
4,1
32,25
16,5
12,39
49,23
23,28
34,40
20,11
46,8
32,2
22,24
16,28
48,10
35,39
43,48
12,38
11,49
22,3
33,27
34,43
19,13
4,41
27,42
49,28
13,18
41,48
15,19
47,25
34,41
9,12
6,31
47,16
38,16
39,37
39,47
33,5
42,23
38,35
40,17
19,38
6,39
23,24
20,27
37,22
9,26
3,35
26,48
3,41
12,25
47,43
28,36
10,40
38,41
28,6
49,30
30,33
30,44
42,24
19,48
35,8
14,24
3,36
45,18
46,0
3,6
38,41
22,19
32,9
2,27
42,0
47,26
33,46
16,47
23,31
6,7
19,17
30,22
24,6
5,16
32,31
20,17
13,36
17,4
29,21
12,7
28,4
0,35
21,42
19,18
22,23
9,39
8,36
26,13
23,19
36,29
42,36
41,40
17,22
21,10
21,18
35,36
39,12
44,24
40,5
27,30
45,18
38,15
1,19
43,49
6,49
24,44
25,7
11,41
36,31
40,22
29,1
45,18
23,30
47,0
3,16
14,46
13,42
41,32
30,49
28,21
47,26
32,37
37,11
20,23
44,40
24,49
18,21
33,24
24,22
28,14
26,42
31,30
13,8
26,4
38,28
14,49
39,0
8,33
44,48
48,48
7,9
16,16
30,32
44,29
1,21
37,49
40,21
31,29
1,19
48,2
35,44
25,45
17,42
7,3
22,0
34,22
46,18
39,12
45,17
37,46
47,35
33,26
46,40
29,9
49,22
7,7
18,15
40,40
9,49
30,0
9,10
33,33
10,42
9,43
40,25
41,27
40,0
43,33
10,18
5,45
20,43
22,12
14,30
1,0
5,31
35,29
15,23
18,43
3,45
17,42
12,41
13,15
36,39
41,33
2,43
28,9
18,19
43,24
47,46
41,38
19,20
25,1
31,20
36,13
7,21
45,36
5,9
18,44
36,22
28,39
31,42
32,22
48,17
13,33
33,40
40,9
0,44
9,32
45,38
15,49
21,31
10,42
10,25
35,23
26,16
33,10
46,28
29,17
48,43
10,18
37,24
33,18
41,23
5,5
8,37
7,43
20,5
32,23
2,16
1,1
47,43
4,23
18,11
32,36
38,43
31,26
4,2
45,14
0,0
9,45
7,28
9,7
38,31
26,11
11,8
36,0
21,9
25,24
19,44
3,45
47,38
23,38
20,43
47,21
3,11
37,7
32,26
32,19
37,16
18,7
39,35
23,5
44,26
18,36
37,38
8,23
40,13
28,45
36,15
15,28
18,21
39,12
20,3
31,18
19,24
6,20
37,7
18,9
39,6
45,10
35,1
16,10
43,25
6,33
15,6
29,17
10,42
27,16
14,5
28,36
35,5
24,11
42,0
28,24
25,4
1,31
42,8
38,7
48,23
13,25
9,16
5,34
10,42
19,6
14,31
20,5
38,19
4,15
34,14
33,26
44,25
43,4
0,34
5,4
34,36
37,2
2,1
37,9
22,22
34,47
6,27
13,45
38,37
38,20
34,35
16,44
6,45
11,19
41,22
18,19
9,31
12,21
23,23
16,12
47,15
5,0
11,47
30,16
11,11
0,17
23,41
9,17
36,24
0,27
11,22
45,44
4,18
42,37
33,0
3,18
37,0
24,34
14,9
33,2
30,27
18,14
25,8
25,37
2,48
13,47
16,47
10,8
29,45
23,28
36,18
33,5
16,44
46,16
31,24
33,27
40,46
38,15
38,38
10,35
33,13
48,46
4,20
0,8
40,39
13,35
19,3
19,49
43,16
17,44
42,43
9,42
40,42
4,28
33,1
43,27
29,36
8,35
20,31
27,42
24,18
31,31
39,29
48,18
28,19
32,17
8,5
10,29
19,15
27,25
9,13
41,22
48,45
13,42
28,13
5,22
23,25
40,31
14,10
18,10
38,38
47,20
18,46
31,48
22,26
15,13
2,4
23,34
39,21
23,18
5,27
47,34
44,4
44,10
14,24
14,24
33,20
27,31
12,33
7,0
21,5
47,8
26,28
22,44
6,46
15,40
28,17
3,20
26,33
40,27
38,4
30,2
3,26
0,21
31,45
33,17
16,12
13,23
36,33
15,33
24,20
23,17
13,44
26,23
39,21
42,3
45,31
41,30
6,37
0,24
44,27
14,25
6,42
30,19
41,42
33,9
24,25
28,48
27,1
45,47
33,16
14,0
29,35
49,20
30,46
3,26
15,1
21,42
6,29
42,40
46,22
10,2
30,3
22,10
15,36
41,22
30,40
27,3
48,1
37,4
48,30
17,40
30,33
48,42
43,25
38,39
17,35
1,13
20,45
9,17
39,22
2,48
5,23
11,13
39,31
8,3
45,13
18,15
22,27
12,1
12,48
7,2
8,8
40,14
48,34
27,12
35,28
18,31
27,23
1,36
45,2
19,17
30,37
10,49
0,17
49,17
0,13
15,45
40,21
18,12
17,48
28,8
36,29
48,4
20,35
9,37
18,7
15,21
1,21
19,0
32,28
32,13
7,46
46,36
44,47
2,16
32,27
15,34
11,37
7,1
40,38
47,33
39,9
29,2
21,17
39,22
45,45
45,45
31,13
48,25
9,47
22,21
13,47
28,19
24,7
40,38
27,44
39,49
29,0
14,49
18,22
14,10
44,48
1,15
45,39
31,33
47,28
41,36
42,36
2,39
43,14
34,23
18,19
17,34
46,19
31,18
22,16
31,47
25,8
18,37
46,44
45,22
12,35
17,19
25,35
27,35
39,12
21,22
44,9
7,17
3,11
47,22
14,23
38,17
12,35
37,39
4,21
4,33
31,2
30,41
13,22
9,16
31,0
1,28
29,0
6,31
2,22
32,29
7,39
28,26
12,14
44,36
21,14
11,25
41,13
43,24
29,0
5,25
6,43
33,15
9,15
44,28
43,7
27,44
7,42
3,41
14,12
22,46
32,17
23,35
42,41
43,18
27,21
43,21
48,33
14,39
35,10
0,11
20,41
22,46
32,1
48,24
4,46
38,45
41,46
2,28
4,13
17,15
31,3
28,11
45,1
49,2
36,1
34,5
47,37
26,11
33,35
21,46
15,17
35,47
26,47
15,16
36,26
6,17
24,35
35,17
0,36
6,44
40,35
30,7
18,21
19,36
8,16
45,38
4,35
18,10
42,29
41,6
7,37
25,41
23,29
12,6
14,38
4,39
39,48
11,2
28,11
46,48
20,18
23,26
5,48
36,13
38,12
36,47
49,32
41,41
32,19
6,47
27,46
40,40
45,24
7,24
14,0
19,29
27,15
13,13
10,31
22,22
22,29
31,2
39,44
49,15
41,29
26,49
42,31
47,25
33,26
3,42
25,44
3,5
27,21
3,20
40,33
30,10
44,24
10,0
10,4
2,17
9,20
30,3
42,25
3,14
6,35
30,15
11,21
32,12
9,31
17,46
18,1
2,30
13,9
1,19
26,12
13,5
42,46
16,13
40,17
5,33
10,8
46,46
40,11
35,20
41,47
27,32
4,46
19,37
11,15
16,36
41,4
33,24
44,13
14,2
43,24
47,14
33,13
4,36
24,27
1,4
14,26
7,31
31,38
9,13
10,14
45,36
4,19
8,32
26,46
0,23
18,42
16,42
24,49
17,49
30,8
23,42
47,36
37,9
31,48
48,41
1,8
46,42
36,11
33,29
29,21
1,9
44,8
49,19
20,15
37,36
1,3
6,28
10,1
44,23
40,21
15,23
25,19
43,21
45,36
4,7
9,2
16,37
12,9
49,45
1,17
18,40
18,36
47,16
1,0
43,44
34,37
36,22
16,34
18,33
36,6
38,40
36,37
7,23
2,42
17,18
5,12
16,40
7,40
23,15
4,6
28,17
21,5
32,25
42,39
25,27
40,13
41,49
5,11
27,34
26,17
31,18
34,49
27,13
48,42
7,29
18,24
2,35
1,8
30,30
12,30
14,22
37,33
22,14
10,11
17,23
24,7
0,9
41,35
26,28
31,4
42,39
31,23
0,36
20,10
43,22
35,48
13,35
11,14
32,41
25,47
9,31
45,25
30,40
25,12
18,29
42,21
42,28
29,18
24,45
12,28
24,0
33,45
8,45
45,18
36,46
17,43
42,33
24,3
44,15
18,6
17,27
39,24
2,7
24,46
1,35
31,23
4,20
12,19
19,11
32,17
15,31
39,7
26,33
44,14
11,36
10,27
28,45
15,39
26,35
32,40
47,47
44,27
40,8
46,47
37,7
48,7
40,42
23,1
27,44
45,25
42,42
22,2
44,17
12,43
35,18
29,41
38,18
17,23
3,15
2,17
4,30
37,28
38,2
49,35
38,33
19,40
3,34
18,10
7,47
5,49
21,35
36,25
2,19
19,40
12,38
43,11
7,27
0,41
28,35
10,46
45,3
2,14
15,30
22,26
48,8
29,16
31,24
33,6
26,8
5,6
34,7
19,6
2,19
40,16
41,11
19,1
9,37
38,2
5,27
21,12
11,6
24,46
29,33
32,44
6,42
39,22
4,21
16,2
26,17
26,47
22,37
33,8
36,8
21,8
22,33
4,29
28,8
11,3
3,12
8,1
31,44
29,31
29,42
28,29
9,39
10,33
4,26
35,41
38,32
34,33
7,2
19,0
21,39
15,19
46,0
8,41
27,37
4,25
6,19
16,33
45,0
16,19
27,30
6,48
17,28
13,42
35,41
46,15
3,31
44,33
18,49
34,30
33,30
5,29
13,48
39,37
22,9
9,33
14,40
4,8
39,49
33,40
6,30
30,16
16,31
8,7
19,5
6,21
37,29
24,36
35,40
17,32
19,5
14,38
49,36
33,7
37,8
41,45
14,48
9,39
1,49
46,21
8,30
48,2
40,47
2,14
0,28
43,37
13,25
8,21
25,38
35,5
47,44
27,16
1,18
24,22
16,30
21,46
26,6
45,27
40,17
12,18
3,0
49,10
18,24
45,31
26,32
32,37
28,37
48,18
5,27
42,32
46,8
9,11
7,2
38,43
31,36
28,17
34,46
29,2
46,38
31,45
21,29
14,41
24,38
20,9
37,28
1,49
33,39
36,39
26,33
21,33
23,7
14,32
0,1
24,20
6,24
11,9
21,11
31,33
31,14
26,43
48,45
13,28
24,12
3,15
41,43
38,18
47,36
39,32
10,47
0,44
9,9
12,19
35,48
16,1
44,26
35,11
27,3
10,9
31,41
21,31
37,13
44,4
3,4
34,5
31,42
6,42
33,22
2,12
28,8
13,40
25,31
4,41
45,6
23,10
48,24
30,33
49,42
35,24
6,32
5,19
26,34
10,47
23,17
5,36
35,1
10,22
19,44
24,47
23,2
30,22
3,12
37,14
36,36
15,21
38,29
49,19
14,1
14,14
0,39
24,17
36,38
44,1
9,37
45,11
45,31
11,19
44,12
11,17
42,24
30,43
22,24
26,20
46,3
9,15
38,32
22,19
33,47
22,42
13,1
11,39
2,14
30,49
22,18
28,3
0,43
40,7
14,30
33,13
13,24
10,48
14,42
23,1
20,46
44,43
26,35
14,4
29,39
1,18
49,25
10,15
42,49
39,0
34,4
31,45
22,37
7,33
26,47
12,14
29,25
42,43
39,14
19,30
21,17
28,3
22,10
10,43
26,26
35,27
30,28
20,40
0,44
24,28
20,12
44,35
19,28
34,4
26,15
36,45
32,45
28,24
6,20
45,6
25,0
20,0
12,40
31,10
22,31
34,33
45,33
23,8
11,49
47,34
45,26
36,10
28,0
11,45
31,46
29,43
5,35
4,41
6,44
0,44
7,25
27,14
47,31
29,14
2,44
36,37
38,32
4,26
2,19
21,11
3,17
1,34
42,28
37,9
16,41
21,46
40,3
36,42
11,36
17,0
12,20
35,15
45,10
32,13
42,20
23,28
36,0
38,10
21,3
27,36
38,31
37,48
25,31
25,49
13,11
4,30
40,23
48,23
25,15
6,6
32,10
33,0
42,41
46,48
13,44
31,10
8,7
29,18
45,40
18,12
33,15
44,48
36,41
30,38
25,12
35,36
34,35
25,22
29,21
11,22
45,31
19,45
43,20
18,3
21,24
8,3
39,6
44,27
19,3
8,38
35,21
10,33
10,21
12,44
37,5
30,19
0,3
7,11
44,13
28,4
12,1
48,42
13,11
43,11
49,1
28,38
4,35
23,48
33,38
39,14
4,13
6,12
46,40
28,0
33,33
31,46
20,14
18,47
34,31
43,46
1,0
4,41
21,13
11,8
25,23
8,1
28,31
27,15
10,19
15,34
27,1
12,33
48,13
36,44
10,11
28,17
18,24
44,26
4,0
38,32
38,22
43,29
21,18
10,33
32,27
28,38
32,45
34,32
44,42
29,18
22,30
5,11
23,31
17,29
26,49
43,43
29,45
11,30
43,0
8,29
39,13
27,39
1,30
0,4
3,19
13,34
0,44
27,40
35,19
14,48
41,6
41,29
48,26
39,0
37,26
13,23
28,40
45,26
26,21
24,15
14,40
28,32
20,24
24,41
9,7
39,39
19,20
4,46
34,9
45,46
39,11
1,32
20,22
34,42
34,36
8,40
14,47
29,18
38,16
40,36
36,9
32,41
29,18
1,43
39,35
17,8
40,19
35,27
33,16
20,39
9,20
16,48
22,44
29,6
39,18
24,18
11,30
4,31
5,23
44,3
38,8
18,42
38,47
48,32
24,6
2,15
49,19
1,27
46,16
10,14
25,30
43,46
35,6
27,28
38,14
31,19
27,2
10,27
8,24
30,46
38,26
7,8
14,38
45,46
6,35
30,11
17,8
46,18
43,11
35,16
0,36
13,34
3,7
45,19
44,5
33,0
38,36
47,22
24,25
36,4
5,49
36,17
48,47
35,5
26,14
6,48
15,22
7,22
29,17
22,44
12,21
32,37
43,37
20,21
13,44
18,14
41,25
46,13
12,19
12,6
48,45
36,9
49,40
16,12
2,48
26,29
8,43
18,45
42,33
7,1
49,46
26,24
10,49
20,35
25,41
8,24
46,28
30,23
34,7
14,33
29,4
11,28
2,28
27,34
12,36
46,11
38,5
38,30
43,16
49,49
11,42
2,1
0,49
19,38
32,34
47,35
17,22
41,33
14,40
6,28
14,22
6,25
42,48
25,14
36,33
0,40
24,21
23,26
43,10
22,6
32,41
46,18
29,20
45,23
42,22
40,20
9,17
25,17
11,31
43,39
38,18
15,48
40,36
31,30
47,13
32,23
16,41
18,17
34,10
5,16
18,9
25,12
28,46
33,10
48,30
7,9
39,35
10,15
25,12
48,1
27,22
11,36
31,1
38,30
43,25
5,44
12,8
24,28
28,21
35,47
29,38
38,30
43,25
44,23
45,49
3,26
49,16
47,1
21,28
12,43
35,18
42,28
16,31
39,31
38,9
41,39
19,31
30,49
1,18
37,44
18,11
25,6
1,15
27,9
12,19
18,10
11,7
19,42
26,21
16,36
9,11
46,24
22,24
14,45
45,21
40,33
39,40
16,17
40,49
19,42
7,49
43,31
39,47
4,18
6,4
5,38
47,44
7,11
39,19
36,31
15,43
23,35
39,47
16,12
35,43
15,46
44,7
42,28
30,18
47,29
0,10
12,40
35,37
32,21
14,33
18,25
26,23
0,34
6,28
38,26
31,10
44,40
10,37
27,15
14,9
27,43
23,41
1,42
13,46
49,34
32,13
43,26
5,16
40,16
45,39
1,21
37,36
49,0
0,28
2,36
32,40
22,18
1,10
41,29
30,14
48,23
6,25
30,7
7,12
6,19
12,41
37,6
6,0
6,0
6,27
24,29
34,16
29,40
39,1
7,22
8,13
6,41
8,6
24,14
41,30
20,3
22,3
3,32
39,20
33,4
2,45
32,2
43,34
28,13
42,19
16,31
28,39
18,45
14,15
17,34
41,0
12,7
41,35
36,4
12,36
46,25
28,15
34,9
29,16
33,8
12,12
20,8
31,45
36,25
6,9
11,22
34,34
11,19
36,29
0,2
47,21
32,37
8,29
13,27
46,32
5,40
46,30
37,14
44,36
38,25
20,9
36,33
4,34
1,41
35,17
13,25
5,33
34,6
44,6
6,18
15,15
41,47
13,12
47,45
1,26
23,14
44,2
14,35
20,2
19,20
22,4
46,14
6,29
48,7
46,17
35,10
3,17
9,3
29,36
11,3
20,34
37,48
46,27
1,3
39,47
35,10
47,45
32,25
31,38
30,36
0,9
16,12
13,45
37,18
10,21
2,18
0,30
0,33
10,42
42,13
33,19
1,8
44,28
35,27
12,1
29,41
10,7
30,41
44,39
40,34
30,47
33,6
28,8
3,31
20,48
27,8
37,36
6,24
15,25
24,31
42,37
10,42
35,47
2,37
3,41
36,10
7,47
24,41
26,37
23,16
29,4
49,15
23,40
29,24
26,5
8,17
17,10
15,44
36,34
14,31
25,9
17,41
23,48
29,17
30,19
26,22
26,32
19,42
3,26
6,3
33,28
33,38
6,11
14,12
39,39
11,26
24,0
4,26
6,18
44,42
23,22
28,35
15,7
29,3
38,46
5,33
32,35
41,47
14,32
35,7
5,35
44,45
28,5
0,17
21,16
21,6
4,32
46,46
7,25
28,6
3,33
45,40
47,25
27,34
2,19
45,39
44,25
11,19
0,26
41,22
27,39
36,41
6,29
24,32
42,22
36,41
27,14
46,2
19,26
24,40
6,4
9,2
2,19
32,42
0,35
27,21
8,38
34,43
45,31
17,44
24,4
27,42
17,48
2,49
10,17
24,24
34,30
41,2
6,20
20,42
21,16
19,11
43,32
45,4
20,46
26,31
43,39
9,11
46,20
38,0
43,17
35,18
28,47
33,10
4,41
32,44
31,9
10,7
28,10
34,30
3,15
34,33
38,14
44,38
11,34
13,18
2,49
22,37
24,38
46,17
25,31
32,41
31,35
49,46
20,18
36,47
29,4
34,42
17,39
6,5
33,19
35,6
36,12
30,4
31,46
8,38
45,47
23,2
15,48
5,36
35,23
23,32
8,37
21,24
5,33
2,32
7,25
10,22
3,23
46,15
44,6
17,37
4,24
29,38
46,12
33,33
28,44
28,19
7,19
21,43
12,39
21,3
44,24
37,30
37,27
44,37
36,45
34,20
42,33
21,25
1,11
25,25
9,38
44,46
45,20
30,17
22,40
31,36
27,0
24,2
42,22
12,11
28,15
6,49
33,10
30,48
13,7
11,39
12,30
13,24
11,31
48,24
41,39
32,36
46,18
25,47
1,3
15,42
43,9
29,16
33,6
46,34
33,35
45,39
33,8
1,2
42,31
12,21
44,48
46,35
0,14
37,14
47,13
48,35
39,29
1,30
36,2
22,3
0,27
45,37
24,17
39,31
27,2
33,30
1,42
37,15
35,2
47,6
2,26
6,24
11,41
3,46
29,16
48,25
23,43
27,12
25,12
42,5
23,14
32,47
17,6
11,25
30,34
37,11
12,37
21,39
46,16
37,26
20,17
44,41
33,13
25,38
20,0
38,27
33,42
30,29
4,25
39,38
1,42
43,19
1,14
47,19
31,10
30,38
14,10
7,19
17,1
8,5
1,12
43,18
20,38
22,43
14,46
8,27
17,11
28,42
35,31
1,31
18,4
47,32
1,10
36,15
10,30
44,13
12,3
30,40
18,34
29,40
37,35
6,2
15,24
4,49
47,9
38,4
42,7
14,8
43,20
25,25
47,8
5,25
33,15
34,20
13,10
18,6
40,15
29,15
8,27
10,42
0,13
4,37
37,9
15,3
33,49
5,1
22,35
22,41
48,15
37,33
12,28
6,22
5,38
23,6
35,37
9,39
12,43
21,26
28,42
36,31
5,40
15,9
14,21
14,35
22,46
2,26
3,46
32,7
47,0
2,0
39,2
20,9
34,12
24,49
4,15
40,46
0,25
39,33
23,48
1,12
37,17
8,37
42,42
4,23
11,33
32,13
3,9
28,10
12,11
4,39
6,22
35,37
43,7
8,27
18,24
5,8
44,35
27,10
23,9
27,13
15,31
24,28
18,4
32,26
27,31
13,47
25,45
17,14
26,5
2,33
41,26
6,48
43,32
3,26
31,31
3,48
45,29
12,33
25,4
21,19
21,3
44,6
1,30
34,20
3,40
7,27
21,30
33,14
49,19
29,44
4,8
4,49
39,37
7,1
35,48
26,8
17,6
36,29
12,5
32,27
38,15
33,25
17,24
3,38
4,17
4,31
22,21
23,34
19,40
36,19
7,35
16,34
13,46
19,12
3,18
3,39
15,0
46,43
48,20
12,42
24,13
22,16
0,3
4,37
27,11
39,39
23,20
13,47
15,40
15,12
24,20
12,30
2,16
46,42
42,44
44,24
39,6
16,31
13,42
32,41
39,28
31,22
4,45
42,19
13,30
29,40
21,19
9,22
29,4
2,37
17,25
10,21
20,22
37,31
26,37
22,32
33,4
47,21
42,45
23,36
29,44
22,30
43,23
40,0
16,13
21,4
32,11
47,18
42,14
47,43
2,42
8,46
15,28
11,3
18,32
26,22
49,10
30,11
22,16
38,43
19,6
21,16
38,32
40,5
43,37
42,49
14,14
34,47
18,15
39,44
14,2
18,37
21,38
48,12
5,6
45,17
19,7
24,15
15,4
8,10
17,8
45,44
45,45
36,21
9,16
14,27
39,13
46,0
35,12
23,31
47,22
37,23
37,43
20,42
41,3
24,31
3,36
7,27
28,2
35,1
46,48
45,19
39,5
42,38
35,19
5,13
41,30
28,6
1,31
23,8
1,9
24,6
46,41
4,32
32,40
34,0
18,8
0,40
18,23
14,27
49,14
10,9
27,30
8,13
2,32
35,20
16,47
21,24
28,44
41,18
39,41
41,28
40,34
23,11
41,47
15,41
47,37
39,1
35,4
31,34
42,23
31,9
43,19
11,23
2,47
23,18
12,15
26,19
42,47
21,39
14,3
49,40
37,12
11,32
40,18
22,13
15,46
44,1
18,15
12,32
45,14
18,40
13,21
47,43
47,18
37,10
25,7
7,36
18,42
0,25
35,28
45,18
6,36
42,28
22,16
12,41
35,35
24,23
47,16
3,22
5,38
47,31
15,25
31,28
26,45
38,2
31,13
36,16
37,48
43,27
11,49
48,46
17,4
14,6
20,10
13,35
14,3
36,47
35,16
9,25
0,34
22,30
43,37
43,4
41,45
16,33
40,48
41,26
15,32
3,40
17,10
15,23
38,10
3,18
1,0
6,41
34,28
39,36
5,40
35,13
26,18
38,19
27,0
15,22
36,43
43,19
42,10
47,46
27,7
46,45
44,43
28,16
33,25
34,35
3,20
21,47
8,20
24,6
35,29
11,7
46,42
24,3
41,21
2,28
23,10
21,35
26,37
6,20
25,46
5,33
20,47
27,13
33,26
6,46
19,9
7,30
4,28
21,14
9,11
5,47
20,33
35,46
34,32
30,27
26,29
0,38
7,46
0,18
47,14
10,20
34,43
9,24
26,7
33,23
12,17
14,33
10,9
9,15
33,22
42,26
44,18
24,48
3,29
4,20
24,35
7,32
43,43
14,30
44,16
27,44
26,20
7,49
37,4
32,45
12,16
28,49
11,44
8,10
14,48
47,3
40,16
20,1
3,28
42,35
40,1
27,41
40,14
26,25
33,11
24,49
43,44
36,36
33,24
29,32
29,37
14,29
38,39
13,8
43,45
22,16
48,46
43,37
35,47
14,35
10,14
3,1
15,24
29,26
20,4
49,30
24,32
5,38
2,1
28,29
26,41
36,27
2,10
4,29
19,46
16,34
42,30
10,21
43,13
48,11
2,29
16,31
40,22
49,23
45,13
8,36
1,9
24,12
26,6
41,6
32,47
16,12
0,28
13,35
46,28
0,43
7,6
13,4
35,37
25,40
3,20
4,33
29,27
18,13
10,6
6,25
35,46
24,27
12,36
5,46
10,5
28,3
21,36
21,0
22,18
44,4
28,1
37,44
9,48
44,32
20,27
47,46
36,35
31,12
49,5
17,12
15,21
2,37
36,32
0,18
36,10
37,9
5,25
49,12
33,10
37,9
17,46
32,9
11,32
41,35
33,6
5,35
24,48
16,3
9,49
16,30
36,6
29,5
14,47
26,22
30,43
28,12
31,32
5,45
33,11
22,14
3,36
36,26
37,32
27,6
49,35
40,38
27,49
48,33
2,17
39,7
46,23
4,0
15,28
14,3
2,18
42,12
7,30
33,6
12,2
31,36
2,41
1,35
18,35
18,5
24,22
7,24
0,41
37,45
5,49
8,24
27,42
21,37
27,34
0,0
9,46
0,33
23,6
37,41
8,45
39,17
26,21
9,1
4,43
12,11
38,7
8,33
42,25
17,41
5,47
39,11
26,17
29,16
24,43
35,6
0,3
23,7
44,11
23,6
25,24
14,25
44,31
47,20
13,13
21,17
6,2
29,45
28,24
42,43
3,25
2,34
7,12
44,19
14,45
39,5
30,35
40,29
4,36
37,0
35,13
7,23
39,36
45,45
33,35
33,16
28,38
2,18
17,0
28,30
36,33
17,38
34,25
13,23
9,11
10,48
36,36
19,33
49,40
1,43
41,14
2,40
38,3
21,7
5,2
6,45
42,22
32,45
1,9
42,6
47,49
16,20
16,30
25,5
49,5
16,32
9,26
5,17
31,19
16,18
13,19
24,28
38,39
15,16
21,39
24,48
0,30
12,7
6,24
44,18
45,38
20,25
41,39
46,29
2,15
34,43
32,39
6,15
24,13
27,14
33,0
38,9
46,23
13,16
17,2
13,37
45,25
27,6
0,17
49,34
43,22
1,49
24,28
1,26
10,11
43,17
26,8
33,46
49,20
18,23
28,27
16,41
47,23
49,19
42,28
7,49
42,8
2,25
18,36
27,31
7,13
41,39
26,43
19,49
25,49
1,29
12,11
34,36
30,41
14,38
40,46
21,46
27,46
38,13
2,47
26,37
42,42
27,19
31,1
31,40
18,12
40,25
27,31
47,11
19,9
2,25
4,45
8,5
21,18
23,36
22,46
49,21
43,29
11,8
16,21
19,46
0,11
49,47
0,28
15,11
44,20
17,31
47,18
1,3
40,14
13,27
29,45
37,26
41,45
0,37
32,23
39,7
13,45
44,12
23,18
41,26
28,28
15,27
18,25
31,28
3,38
29,36
45,48
13,28
30,13
15,8
48,37
38,39
12,36
33,33
25,39
1,6
35,3
48,22
8,46
24,20
32,24
40,0
16,0
12,37
49,27
15,14
10,29
39,34
18,41
17,14
29,38
0,47
15,3
49,32
24,41
7,38
13,27
14,34
41,23
32,31
44,14
36,32
11,15
48,37
1,39
23,26
32,16
22,47
23,12
20,4
49,14
24,16
3,27
25,28
35,18
39,33
16,7
20,36
19,6
37,24
18,46
5,20
40,49
13,33
21,7
36,23
14,14
33,26
48,1
16,45
7,20
11,8
1,41
11,37
25,0
37,31
9,9
11,6
24,24
40,10
34,36
34,4
2,1
49,35
35,8
26,38
2,15
48,9
43,23
17,0
41,3
12,39
16,29
46,25
3,6
28,36
34,8
22,21
20,1
16,35
17,0
22,32
20,9
3,36
24,30
10,32
8,49
36,38
24,23
17,4
30,5
25,48
49,22
30,30
46,26
33,4
18,38
44,1
28,13
14,5
18,23
1,1
39,0
0,5
43,44
39,26
2,36
23,1
33,47
21,7
48,32
15,28
17,25
12,2
40,16
9,24
27,38
20,9
37,40
39,34
22,5
44,5
42,23
29,26
18,18
4,18
43,35
26,32
3,26
39,12
31,44
17,31
1,46
34,23
1,5
23,49
27,9
6,3
38,49
49,3
14,25
41,10
43,20
34,45
6,22
2,1
33,0
41,37
4,40
4,49
32,46
12,16
28,26
12,28
10,4
44,28
20,43
33,12
14,23
37,42
14,4
20,32
9,29
9,25
26,40
30,3
7,47
46,33
47,39
27,23
34,26
22,15
6,37
17,4
40,30
12,25
7,33
7,45
1,21
7,15
40,35
43,35
5,14
34,23
26,23
45,2
48,24
41,15
11,12
17,37
4,5
3,49
21,1
17,29
26,3
8,35
10,19
35,0
49,6
33,4
17,2
24,11
3,24
6,10
21,43
1,27
6,6
46,15
44,21
7,46
26,40
44,3
23,32
31,35
10,20
23,13
11,33
15,29
10,26
16,12
10,35
28,45
8,10
3,11
26,42
6,48
18,8
43,7
25,4
46,27
29,32
28,4
14,28
39,35
24,32
13,18
5,30
25,44
27,23
18,3
32,47
46,17
17,49
32,14
39,25
42,34
24,19
21,5
7,39
14,22
21,8
39,38
16,3
28,17
40,15
49,31
7,15
7,36
42,9
10,6
45,48
17,3
46,33
37,47
48,39
31,27
28,42
19,46
0,7
24,47
12,32
37,3
31,2
8,14
42,16
11,23
0,49
48,49
13,29
24,44
9,21
19,6
21,41
33,7
26,14
44,38
18,30
18,48
39,35
26,32
14,13
3,6
39,19
0,8
26,33
30,8
3,33
18,16
5,39
41,13
30,32
12,44
7,36
38,17
19,25
1,16
45,24
47,5
10,35
9,23
39,0
0,11
16,33
40,18
30,27
2,4
21,0
2,22
12,46
30,42
5,37
36,14
34,41
47,1
39,36
28,49
33,39
2,26
39,33
26,16
19,46
17,45
32,40
35,29
28,22
0,36
12,4
6,5
48,0
40,16
30,43
25,31
15,20
6,13
49,26
13,0
13,23
30,48
11,13
44,6
10,2
10,12
40,16
35,15
47,39
37,18
5,30
25,9
18,15
1,6
6,13
33,27
31,40
25,31
16,2
25,48
0,48
22,39
16,20
31,12
3,31
21,37
10,40
37,43
19,27
13,20
15,0
19,11
13,4
31,38
46,27
22,7
23,5
14,11
34,43
15,2
41,20
15,49
25,6
23,23
9,20
7,9
17,1
0,10
47,19
26,46
28,11
22,44
9,7
16,12
22,28
40,20
13,4
14,45
36,5
11,44
33,21
0,21
0,11
4,40
6,39
28,10
38,7
44,44
43,22
45,40
26,34
34,9
38,47
29,41
5,32
44,6
38,20
42,27
42,40
45,11
9,38
5,29
30,32
7,1
29,36
7,24
32,9
38,40
5,15
31,26
29,41
23,41
33,5
17,3
47,34
20,13
46,35
25,35
46,31
5,8
26,27
42,7
48,32
15,39
12,7
29,10
41,21
38,14
3,44
25,41
9,23
40,6
21,16
7,37
39,9
48,10
33,9
48,14
36,0
13,37
30,19
43,17
19,39
48,0
47,34
1,18
31,48
23,14
1,48
18,16
23,31
35,19
9,12
18,49
46,16
40,33
5,13
2,44
36,48
40,28
18,20
0,30
14,15
20,43
15,37
31,0
31,25
7,41
0,21
49,7
1,7
47,31
20,19
0,7
30,29
38,14
27,16
0,41
14,33
44,23
26,33
29,11
17,48
25,19
22,14
31,27
35,46
23,38
26,9
3,40
36,6
42,4
6,6
21,47
2,25
47,30
6,25
2,33
4,7
17,27
16,49
19,17
29,5
44,47
0,5
42,43
14,20
29,40
30,40
24,13
45,26
47,10
10,45
2,44
12,47
35,46
41,3
41,4
9,1
38,3
35,32
2,3
43,47
16,27
15,6
5,9
5,44
45,45
28,38
44,35
11,1
2,22
30,14
17,25
26,39
6,40
20,40
29,8
17,13
41,29
6,7
46,25
45,32
40,47
43,12
14,21
41,39
10,19
18,28
6,21
16,46
7,26
26,9
43,38
12,14
10,37
43,19
38,46
45,48
46,37
13,3
18,18
46,42
38,4
49,27
19,36
26,41
40,29
1,45
31,0
38,28
16,29
21,32
24,36
7,24
5,39
25,7
35,43
46,23
7,22
7,37
24,14
37,48
5,14
21,46
31,28
35,12
8,16
33,36
8,7
41,4
42,29
8,37
25,27
3,23
49,5
15,16
39,12
35,10
8,35
39,11
41,43
23,32
41,9
6,47
32,24
36,16
24,42
11,46
26,11
37,43
25,18
16,46
43,44
43,26
30,20
43,28
42,11
26,3
37,22
7,12
35,1
44,7
10,33
19,20
16,5
34,23
39,46
19,36
28,0
42,49
6,46
19,39
27,33
44,4
8,26
5,23
0,42
18,35
48,29
49,39
11,21
6,46
24,11
24,20
26,49
4,20
23,18
26,2
0,16
27,11
5,8
3,34
21,16
24,11
34,28
12,21
25,27
35,17
12,36
14,48
24,9
29,28
1,29
6,3
25,25
20,29
13,21
14,9
24,31
19,40
39,41
43,10
15,28
21,11
22,32
38,42
3,6
12,35
16,17
18,1
7,28
7,0
43,43
25,24
22,35
21,29
12,7
35,9
49,0
29,15
33,36
41,38
15,48
0,36
15,17
25,48
20,13
21,34
49,23
37,26
31,14
37,39
13,8
24,20
3,25
15,41
37,25
43,3
38,45
11,38
37,12
18,42
0,1
0,27
5,40
7,27
7,37
5,46
0,27
36,5
11,14
24,48
19,29
24,17
18,30
31,19
4,6
24,27
10,28
13,19
14,6
9,27
9,29
37,3
13,37
26,18
36,29
0,17
9,14
43,44
26,42
4,4
16,20
42,39
5,34
36,21
47,10
40,46
9,33
9,3
44,24
4,9
9,10
30,47
25,17
25,24
21,43
21,29
12,5
45,35
19,2
42,11
44,27
20,18
7,35
21,11
29,19
48,41
48,34
40,3
30,9
21,35
23,9
12,13
25,14
46,7
12,20
46,8
39,11
10,47
17,45
16,24
3,47
27,36
2,29
33,33
23,5
4,46
34,14
2,8
19,11
46,15
23,38
48,17
39,7
26,38
31,43
24,20
37,22
47,32
23,31
30,34
19,44
14,27
19,12
43,6
15,27
14,17
6,46
14,1
27,32
43,23
39,8
8,22
42,47
5,13
3,41
39,37
40,26
7,1
3,22
30,20
36,46
49,17
46,2
26,9
23,42
34,18
24,33
33,1
46,27
18,15
43,25
46,49
42,19
48,11
2,32
33,12
14,7
8,19
25,17
18,7
24,14
28,25
30,35
35,12
43,29
21,37
12,11
23,11
27,12
2,24
40,30
20,23
3,35
44,29
13,14
12,0
45,9
40,24
39,6
38,36
15,9
23,43
44,31
8,2
13,3
32,0
45,11
43,31
2,8
31,18
11,27
6,49
34,6
39,46
26,44
36,35
25,24
41,7
1,16
2,19
20,28
34,40
16,17
6,13
30,34
12,10
18,18
26,1
7,5
2,41
33,39
37,8
30,33
42,3
32,25
44,10
29,9
25,10
0,43
17,30
33,13
45,35
40,7
44,43
35,17
16,33
46,37
33,48
23,14
11,1
27,31
2,22
32,23
37,6
7,43
2,28
20,37
47,44
49,48
31,29
5,21
38,6
19,5
16,48
38,22
27,29
28,4
31,48
4,15
1,14
9,31
11,10
32,44
12,36
2,28
40,34
9,41
27,44
48,17
28,25
33,26
19,25
26,27
10,0
46,44
25,21
13,48
38,11
13,8
5,13
35,16
43,29
20,10
30,47
3,3
11,39
48,20
24,32
42,21
41,29
26,16
40,49
27,17
25,12
39,23
45,38
5,21
11,19
15,46
28,34
14,28
23,17
19,31
30,30
12,18
23,15
21,6
19,49
39,9
44,42
9,33
9,7
2,15
26,19
36,0
48,49
41,2
28,30
42,34
12,41
8,16
46,6
15,23
23,47
0,9
1,25
40,2
20,9
26,6
21,45
41,3
36,36
30,0
41,31
32,19
16,32
40,45
9,43
8,39
13,35
25,42
17,26
30,26
15,22
28,26
18,28
5,8
31,24
41,48
32,37
12,27
37,15
25,21
48,47
12,37
44,16
20,35
38,14
27,43
41,39
0,28
32,4
43,18
15,24
36,26
18,19
38,21
21,44
34,3
44,26
1,20
29,15
11,46
25,2
6,38
41,15
39,41
9,17
45,47
22,46
30,35
31,4
28,34
35,1
13,30
3,43
49,24
29,2
29,43
13,43
8,27
42,24
34,26
17,13
34,36
37,21
39,17
2,18
23,6
11,32
30,32
45,27
13,2
9,12
47,33
48,4
30,4
15,12
39,5
40,44
31,17
38,45
9,26
45,48
10,35
45,19
44,10
28,19
24,13
27,33
39,38
13,36
42,14
23,12
28,36
36,37
44,31
33,30
41,12
24,33
34,27
20,16
12,33
26,2
40,31
46,12
21,37
11,41
0,30
30,30
15,7
47,8
11,29
41,21
32,17
17,45
21,27
44,0
4,10
1,21
43,1
4,7
22,0
42,26
23,18
19,10
21,26
21,34
27,1
27,26
22,4
12,41
15,3
17,3
0,37
17,28
43,30
38,37
44,27
46,44
18,49
6,32
13,44
46,48
21,24
4,10
17,26
3,43
7,47
42,47
16,2
44,34
20,17
0,29
47,41
27,35
44,0
20,2
13,46
28,10
5,31
25,2
40,31
48,47
22,30
30,18
1,31
35,10
12,7
15,45
14,36
5,6
49,46
27,10
5,0
46,49
33,19
19,21
33,17
11,23
30,5
45,44
14,41
48,17
46,8
9,5
0,16
40,5
45,12
14,34
13,20
48,39
48,10
7,48
44,18
0,23
33,31
45,0
15,14
28,30
31,10
7,28
21,3
40,19
31,38
30,11
40,22
17,22
1,7
5,35
24,34
19,40
18,29
19,38
48,4
21,32
3,30
9,8
1,36
37,46
22,20
28,9
23,18
35,34
38,13
3,13
48,48
48,26
42,17
45,20
30,0
33,19
20,3
40,49
30,25
47,28
40,15
12,8
44,31
17,33
12,24
14,10
0,42
31,8
25,35
29,40
32,22
5,4
22,2
15,1
31,12
5,48
25,20
46,42
8,47
39,8
34,3
8,6
24,36
14,21
36,40
42,48
32,32
39,46
19,5
39,46
21,26
21,46
44,4
1,43
39,18
40,13
24,23
29,9
13,37
24,20
16,35
38,11
28,29
35,29
15,29
29,30
42,49
22,4
10,32
30,36
19,25
11,9
47,38
22,44
41,13
39,26
23,31
34,35
44,31
5,9
9,33
46,3
40,27
18,41
11,32
31,19
19,36
18,7
43,21
3,21
27,13
34,49
43,39
6,2
7,30
38,11
16,25
23,10
4,0
36,36
10,1
12,10
21,1
10,4
44,39
9,27
33,29
40,48
27,41
14,28
46,23
17,45
20,26
48,29
13,1
44,7
36,16
36,31
0,19
0,11
30,40
7,27
35,41
15,0
2,38
21,11
13,36
20,38
21,15
21,6
37,49
44,10
1,15
34,41
48,10
36,44
39,27
2,48
24,11
30,18
46,43
5,12
42,13
31,3
30,9
13,4
34,11
40,1
11,2
9,26
13,40
16,48
1,37
17,43
25,15
16,37
48,32
24,43
15,34
28,46
20,34
48,44
32,37
43,27
11,14
19,35
8,16
9,28
23,19
31,0
18,0
35,43
21,48
47,42
19,44
39,20
40,33
8,40
36,37
37,19
2,17
23,47
28,22
36,23
12,17
27,46
49,13
7,5
15,26
13,1
21,10
23,31
10,2
30,5
13,13
43,9
6,1
39,25
17,42
21,30
36,37
10,23
41,26
42,12
14,38
47,30
19,39
5,25
4,26
0,35
15,46
30,13
18,8
46,40
31,9
22,29
39,33
11,17
4,5
22,33
5,48
48,17
18,43
13,20
41,44
37,17
32,37
38,30
23,26
4,32
21,37
5,49
17,28
41,17
11,14
43,39
7,5
46,41
32,37
46,0
30,2
44,17
27,43
46,2
23,1
6,10
19,2
45,31
28,38
19,25
12,49
29,31
42,15
19,16
13,0
49,22
17,42
44,34
0,18
42,6
26,9
13,30
1,31
4,6
48,49
30,26
3,45
5,25
7,3
44,0
48,14
38,36
34,38
20,37
31,14
46,47
41,10
24,2
48,8
13,43
8,42
47,41
9,22
36,30
33,27
37,21
41,17
42,15
8,44
49,38
14,29
38,19
29,12
14,30
33,25
8,20
35,12
2,20
0,33
40,39
12,17
44,25
15,37
35,34
10,10
41,17
17,49
30,49
24,46
4,39
10,6
24,28
15,46
26,15
17,34
36,28
42,2
22,47
38,44
23,26
30,18
24,46
14,17
45,32
10,27
27,33
17,28
9,33
26,45
1,7
27,13
2,49
0,47
5,1
24,15
48,38
21,48
20,25
21,18
47,3
46,23
46,25
49,13
17,17
25,39
13,2
22,44
43,29
31,48
20,31
16,25
34,48
36,46
37,49
32,8
27,19
21,33
32,20
43,13
6,0
15,12
31,42
26,41
31,30
17,38
48,41
39,26
27,49
33,32
42,4
23,9
30,5
44,3
46,3
15,25
38,26
9,31
41,17
31,43
5,5
6,30
16,47
21,13
25,36
13,16
40,30
12,31
44,22
21,48
21,43
19,37
39,10
35,48
31,9
26,3
27,21
31,46
45,35
4,45
20,2
32,36
8,18
47,36
36,42
22,39
5,40
13,15
25,42
31,37
2,34
46,47
23,9
33,11
24,8
23,11
14,2
48,13
16,32
3,3
43,6
12,17
5,39
0,16
20,29
34,2
37,10
27,45
15,7
15,46
47,30
6,43
45,32
41,1
49,5
32,2
5,27
40,24
41,6
17,42
0,28
45,48
19,18
29,3
35,16
15,38
30,15
2,25
7,39
9,12
37,4
4,19
16,31
1,44
40,45
38,23
35,1
8,48
31,14
4,7
41,0
9,20
5,15
45,41
8,38
4,45
25,43
42,29
18,1
33,23
20,37
5,30
33,33
7,15
44,2
37,8
7,49
24,16
0,32
21,34
32,42
31,35
43,44
15,26
35,41
0,46
18,32
0,37
7,34
29,11
39,29
15,31
21,41
33,38
10,15
33,42
43,36
35,11
20,44
37,0
38,7
13,45
2,41
48,46
45,8
41,13
18,40
0,44
49,13
12,25
2,4
24,5
38,44
16,11
17,15
20,28
26,5
29,12
8,47
22,16
24,2
22,40
42,31
32,10
11,25
32,18
37,11
38,42
29,21
18,11
25,28
40,6
45,11
38,42
47,22
16,7
4,7
40,0
27,5
0,18
27,39
10,4
45,8
45,41
1,30
2,21
45,18
8,36
24,36
30,33
23,32
24,25
16,15
9,14
2,44
23,27
24,4
45,48
35,1
0,0
39,12
41,40
42,48
35,19
44,46
16,17
32,28
39,35
12,21
44,37
8,29
15,21
2,35
14,2
13,5
23,36
3,40
42,22
15,31
31,3
31,4
49,42
48,26
20,25
20,6
6,1
3,2
4,32
24,48
46,1
22,0
7,27
24,46
11,46
1,47
20,20
28,17
9,43
29,46
47,35
14,1
30,45
24,18
28,40
18,13
20,35
38,6
42,25
9,3
28,24
45,9
7,45
41,26
17,11
14,14
22,33
31,11
10,18
3,16
46,6
31,32
29,41
4,23
32,23
14,29
18,31
44,39
13,34
11,20
18,45
47,18
3,25
12,25
4,44
24,12
33,4
21,14
23,10
6,1
18,23
15,26
20,40
21,41
44,49
24,15
18,15
16,16
23,38
29,33
2,28
42,42
11,2
32,2
20,22
0,9
40,43
4,14
30,27
11,13
42,39
23,10
43,44
46,15
7,47
0,38
17,23
18,35
36,13
18,8
32,13
7,3
11,15
9,43
33,31
37,33
23,20
30,36
44,11
4,41
13,30
26,11
